SEASON,PLAYER_NAME,TEAM_ID,TEAM_ABBREVIATION,GP,MPG,PPG,RPG,APG,PLUS_MINUS_PER_GAME,STAR_BONUS,IMPACT_SCORE,INJURY_TIER
2025-26,Jalen Johnson,1610612737,ATL,72,35.16108796296297,22.51388888888889,10.277777777777779,7.861111111111111,2.5972222222222223,4,9.19,Superstar-level impact
2025-26,Nickeil Alexander-Walker,1610612737,ATL,78,33.37405982905983,20.82051282051282,3.4358974358974357,3.6666666666666665,3.128205128205128,2,8.51,Star-level impact
2025-26,Onyeka Okongwu,1610612737,ATL,74,31.04011261261261,15.175675675675675,7.594594594594595,3.1216216216216215,1.472972972972973,1,7.91,Star-level impact
2025-26,Dyson Daniels,1610612737,ATL,76,33.15184210526316,11.855263157894736,6.842105263157895,5.907894736842105,4.026315789473684,2,7.81,Star-level impact
2025-26,CJ McCollum,1610612737,ATL,76,29.781206140350875,18.736842105263158,3.3157894736842106,3.8552631578947367,1.2105263157894737,1,7.68,Star-level impact
2025-26,Jonathan Kuminga,1610612737,ATL,36,23.069351851851852,12.166666666666666,5.611111111111111,2.3055555555555554,1.9722222222222223,0,7.11,Star-level impact
2025-26,Jock Landale,1610612737,ATL,68,22.148186274509804,10.558823529411764,5.6911764705882355,1.6911764705882353,-0.8088235294117647,0,5.94,Important player
2025-26,Jacob Toppin,1610612737,ATL,5,3.3733333333333335,1.6,0.2,0.2,2.6,0,4.69,Rotation player
2025-26,Zaccharie Risacher,1610612737,ATL,67,22.436616915422885,9.567164179104477,3.8358208955223883,1.1343283582089552,-0.23880597014925373,0,4.58,Rotation player
2025-26,Corey Kispert,1610612737,ATL,58,18.61390804597701,9.172413793103448,2.2758620689655173,1.5862068965517242,-2.603448275862069,0,4.56,Rotation player
2025-26,Caleb Houstan,1610612737,ATL,18,4.192592592592593,2.3333333333333335,0.6111111111111112,0.2222222222222222,0.05555555555555555,0,3.99,Rotation player
2025-26,Buddy Hield,1610612737,ATL,51,16.064150326797385,7.647058823529412,2.2745098039215685,1.392156862745098,-1.6862745098039216,0,3.73,Rotation player
2025-26,Asa Newell,1610612737,ATL,44,11.36155303030303,5.159090909090909,2.1818181818181817,0.5909090909090909,-1.0,0,3.09,Rotation player
2025-26,Mouhamed Gueye,1610612737,ATL,77,15.309567099567099,4.441558441558442,3.5714285714285716,0.8961038961038961,0.5584415584415584,0,2.92,Rotation player
2025-26,N'Faly Dante,1610612737,ATL,4,3.8541666666666665,0.75,1.75,0.0,2.5,0,2.11,Low rotation impact
2025-26,Keaton Wallace,1610612737,ATL,53,10.113018867924529,3.509433962264151,1.0566037735849056,1.7735849056603774,-1.9056603773584906,0,1.8,Low rotation impact
2025-26,Tony Bradley,1610612737,ATL,41,10.992357723577236,3.951219512195122,2.8292682926829267,0.5365853658536586,-3.4146341463414633,0,1.73,Low rotation impact
2025-26,RayJ Dennis,1610612737,ATL,17,12.131372549019607,4.352941176470588,1.5294117647058822,1.9411764705882353,-3.6470588235294117,0,1.49,Low rotation impact
2025-26,Keshon Gilbert,1610612737,ATL,4,18.445833333333333,4.25,1.25,3.0,-14.5,0,1.32,Low rotation impact
2025-26,Christian Koloko,1610612737,ATL,27,13.209938271604939,2.7037037037037037,3.0,0.6666666666666666,-0.48148148148148145,0,1.29,Low rotation impact
2025-26,Gabe Vincent,1610612737,ATL,53,16.586383647798744,4.3584905660377355,1.0188679245283019,1.4339622641509433,0.7358490566037735,0,1.23,Low rotation impact
2025-26,Michael Porter Jr.,1610612751,BKN,52,32.47314102564103,24.21153846153846,7.0576923076923075,3.0384615384615383,-3.9423076923076925,4,8.73,Star-level impact
2025-26,Day'Ron Sharpe,1610612751,BKN,62,18.708306451612902,8.709677419354838,6.661290322580645,2.338709677419355,-1.8387096774193548,0,7.04,Star-level impact
2025-26,Nic Claxton,1610612751,BKN,69,27.831400966183573,11.73913043478261,6.927536231884058,3.6666666666666665,-7.463768115942029,0,6.31,Important player
2025-26,Josh Minott,1610612751,BKN,49,17.014931972789118,7.428571428571429,3.2244897959183674,0.9387755102040817,-0.5102040816326531,0,5.76,Important player
2025-26,Chaney Johnson,1610612751,BKN,17,20.44607843137255,8.176470588235293,4.647058823529412,2.1176470588235294,-4.588235294117647,0,5.46,Important player
2025-26,Danny Wolf,1610612751,BKN,57,20.82739766081871,8.912280701754385,4.9298245614035086,2.2280701754385963,-4.052631578947368,0,4.9,Important player
2025-26,Egor Dëmin,1610612751,BKN,52,25.157852564102562,10.307692307692308,3.173076923076923,3.326923076923077,-3.0961538461538463,0,4.84,Important player
2025-26,Malachi Smith,1610612751,BKN,15,23.921333333333333,8.266666666666667,3.4,3.2666666666666666,-6.0,0,4.8,Rotation player
2025-26,Noah Clowney,1610612751,BKN,66,26.970656565656565,12.257575757575758,4.136363636363637,1.6363636363636365,-4.984848484848484,0,4.6,Rotation player
2025-26,Ziaire Williams,1610612751,BKN,56,22.879761904761903,10.232142857142858,2.392857142857143,1.0714285714285714,-5.035714285714286,0,4.33,Rotation player
2025-26,Grant Nelson,1610612751,BKN,4,8.7525,4.25,1.5,1.25,-1.75,0,3.94,Rotation player
2025-26,E.J. Liddell,1610612751,BKN,26,13.430384615384614,5.653846153846154,2.6538461538461537,0.9230769230769231,-1.8076923076923077,0,3.43,Rotation player
2025-26,Tyson Etienne,1610612751,BKN,24,15.834027777777777,7.875,1.125,1.6666666666666667,-4.333333333333333,0,3.01,Rotation player
2025-26,Terance Mann,1610612751,BKN,63,24.27010582010582,7.222222222222222,3.1746031746031744,3.015873015873016,-4.238095238095238,0,2.81,Rotation player
2025-26,Trevon Scott,1610612751,BKN,6,30.372500000000002,8.0,5.166666666666667,1.6666666666666667,-10.833333333333334,1,2.74,Rotation player
2025-26,Nolan Traore,1610612751,BKN,56,22.20342261904762,8.910714285714286,1.7678571428571428,3.8035714285714284,-5.0,0,2.73,Rotation player
2025-26,Ben Saraf,1610612751,BKN,44,20.82541666666667,7.545454545454546,2.090909090909091,3.2954545454545454,-5.386363636363637,0,2.46,Low rotation impact
2025-26,Ochai Agbaji,1610612751,BKN,62,15.696827956989248,5.064516129032258,2.274193548387097,0.7580645161290323,-1.0,0,1.89,Low rotation impact
2025-26,Jalen Wilson,1610612751,BKN,54,15.911512345679013,6.351851851851852,2.111111111111111,0.9259259259259259,-3.574074074074074,0,1.85,Low rotation impact
2025-26,Drake Powell,1610612751,BKN,63,20.944656084656085,6.476190476190476,1.7619047619047619,1.4444444444444444,-7.095238095238095,0,1.46,Low rotation impact
2025-26,Jaylen Brown,1610612738,BOS,71,34.406173708920186,28.704225352112676,6.929577464788732,5.126760563380282,4.52112676056338,6,9.53,Superstar-level impact
2025-26,Jayson Tatum,1610612738,BOS,16,32.615625,21.75,10.0,5.3125,7.375,5,9.29,Superstar-level impact
2025-26,Payton Pritchard,1610612738,BOS,79,32.34839662447258,17.025316455696203,3.949367088607595,5.1645569620253164,5.3924050632911396,2,8.38,Star-level impact
2025-26,Derrick White,1610612738,BOS,77,34.09034632034632,16.454545454545453,4.402597402597403,5.376623376623376,7.766233766233766,2,8.26,Star-level impact
2025-26,Neemias Queta,1610612738,BOS,76,25.34482456140351,10.210526315789474,8.368421052631579,1.6578947368421053,6.315789473684211,0,7.83,Star-level impact
2025-26,Nikola Vučević,1610612738,BOS,64,28.408098958333333,15.078125,8.390625,3.328125,-0.65625,0,7.32,Star-level impact
2025-26,Luka Garza,1610612738,BOS,69,16.20157004830918,8.072463768115941,4.072463768115942,0.9565217391304348,1.7971014492753623,0,6.2,Important player
2025-26,Sam Hauser,1610612738,BOS,78,24.796794871794873,9.217948717948717,3.8461538461538463,1.4615384615384615,4.730769230769231,0,5.71,Important player
2025-26,Baylor Scheierman,1610612738,BOS,77,18.562380952380952,5.545454545454546,3.4935064935064934,1.5064935064935066,2.5844155844155843,0,5.09,Important player
2025-26,Jordan Walsh,1610612738,BOS,68,17.82308823529412,5.352941176470588,4.0,0.7941176470588235,1.3970588235294117,0,4.5,Rotation player
2025-26,Hugo González,1610612738,BOS,74,14.647702702702704,3.9054054054054053,3.324324324324324,0.5405405405405406,3.324324324324324,0,2.96,Rotation player
2025-26,Ron Harper Jr.,1610612738,BOS,29,10.94919540229885,4.241379310344827,1.6551724137931034,0.7586206896551724,0.6206896551724138,0,2.88,Rotation player
2025-26,Amari Williams,1610612738,BOS,22,6.623787878787879,1.3636363636363635,1.8181818181818181,0.45454545454545453,-2.6363636363636362,0,1.33,Low rotation impact
2025-26,Chris Boucher,1610612738,BOS,9,10.461111111111112,2.3333333333333335,2.0,0.3333333333333333,0.5555555555555556,0,1.14,Low rotation impact
2025-26,John Tonje,1610612738,BOS,6,6.983055555555556,2.5,1.0,0.3333333333333333,-1.0,0,0.97,Low rotation impact
2025-26,Dalano Banton,1610612738,BOS,6,10.275,2.0,0.8333333333333334,1.8333333333333333,-1.5,0,0.77,Low rotation impact
2025-26,Max Shulga,1610612738,BOS,11,3.2977272727272724,0.6363636363636364,0.5454545454545454,0.18181818181818182,-0.8181818181818182,0,0.33,Low rotation impact
2025-26,LaMelo Ball,1610612766,CHA,72,28.020092592592594,20.069444444444443,4.819444444444445,7.138888888888889,5.777777777777778,4,8.88,Superstar-level impact
2025-26,Brandon Miller,1610612766,CHA,65,30.28171794871795,20.16923076923077,4.907692307692308,3.3384615384615386,5.723076923076923,3,8.77,Star-level impact
2025-26,Kon Knueppel,1610612766,CHA,81,31.490699588477362,18.493827160493826,5.333333333333333,3.382716049382716,3.9753086419753085,1,8.35,Star-level impact
2025-26,Coby White,1610612766,CHA,50,24.99576666666667,17.36,3.4,4.0,1.88,2,8.11,Star-level impact
2025-26,Miles Bridges,1610612766,CHA,77,31.003008658008657,17.064935064935064,5.8441558441558445,3.1948051948051948,1.9090909090909092,1,7.78,Star-level impact
2025-26,Moussa Diabaté,1610612766,CHA,73,26.013105022831052,7.876712328767123,8.698630136986301,1.9315068493150684,4.726027397260274,0,6.9,Star-level impact
2025-26,Ryan Kalkbrenner,1610612766,CHA,69,21.43669082125604,7.550724637681159,5.463768115942029,0.782608695652174,0.6666666666666666,0,6.17,Important player
2025-26,Grant Williams,1610612766,CHA,36,19.762592592592593,7.0,3.9444444444444446,1.5555555555555556,5.638888888888889,0,5.83,Important player
2025-26,Tidjane Salaün,1610612766,CHA,37,15.55081081081081,6.0,4.027027027027027,0.7297297297297297,-0.10810810810810811,0,5.13,Important player
2025-26,Antonio Reeves,1610612766,CHA,10,6.767666666666666,2.7,0.8,0.3,2.9,0,4.1,Rotation player
2025-26,PJ Hall,1610612766,CHA,19,11.230438596491227,4.526315789473684,3.9473684210526314,0.5263157894736842,-1.5263157894736843,0,3.7,Rotation player
2025-26,Josh Green,1610612766,CHA,58,15.653936781609195,4.293103448275862,1.7586206896551724,0.8103448275862069,3.5689655172413794,0,3.67,Rotation player
2025-26,Pat Connaughton,1610612766,CHA,42,7.059960317460317,2.619047619047619,1.4523809523809523,0.42857142857142855,-0.6904761904761905,0,3.18,Rotation player
2025-26,Liam McNeeley,1610612766,CHA,31,11.855537634408602,4.258064516129032,2.3548387096774195,0.7741935483870968,0.25806451612903225,0,3.15,Rotation player
2025-26,Sion James,1610612766,CHA,82,22.479024390243904,5.378048780487805,3.5,1.9878048780487805,0.7926829268292683,0,3.08,Rotation player
2025-26,Tre Mann,1610612766,CHA,53,12.6124213836478,5.490566037735849,1.7358490566037736,1.6226415094339623,-2.8867924528301887,0,1.77,Low rotation impact
2025-26,Xavier Tillman,1610612766,CHA,30,6.129277777777777,1.4666666666666666,1.4333333333333333,0.43333333333333335,-0.7666666666666667,0,0.66,Low rotation impact
2025-26,Drew Peterson,1610612766,CHA,6,10.711388888888889,0.8333333333333334,1.5,0.3333333333333333,-1.6666666666666667,0,0.35,Low rotation impact
2025-26,Tosan Evbuomwan,1610612766,CHA,5,1.5426666666666666,0.0,0.4,0.0,-1.6,0,0.13,Low rotation impact
2025-26,Josh Giddey,1610612741,CHI,54,32.06216049382716,17.01851851851852,8.296296296296296,9.148148148148149,-3.462962962962963,2,7.97,Star-level impact
2025-26,Tre Jones,1610612741,CHI,65,26.959589743589742,14.061538461538461,3.1384615384615384,5.384615384615385,-2.1076923076923078,1,7.65,Star-level impact
2025-26,Collin Sexton,1610612741,CHI,68,23.723578431372548,15.441176470588236,2.2794117647058822,3.2794117647058822,-1.7352941176470589,1,7.5,Star-level impact
2025-26,Zach Collins,1610612741,CHI,10,18.37366666666667,9.7,5.6,1.5,1.8,0,7.14,Star-level impact
2025-26,Jalen Smith,1610612741,CHI,53,20.667704402515724,10.20754716981132,6.69811320754717,1.2264150943396226,1.6226415094339623,0,6.69,Important player
2025-26,Matas Buzelis,1610612741,CHI,77,29.198030303030304,16.25974025974026,5.818181818181818,2.051948051948052,-3.9740259740259742,0,6.6,Important player
2025-26,Anfernee Simons,1610612741,CHI,55,24.944242424242425,14.272727272727273,2.4545454545454546,2.4363636363636365,1.7818181818181817,0,6.41,Important player
2025-26,Jaden Ivey,1610612741,CHI,37,18.115,8.54054054054054,2.4594594594594597,1.837837837837838,0.7027027027027027,0,5.52,Important player
2025-26,Leonard Miller,1610612741,CHI,46,15.623079710144927,7.8478260869565215,3.9347826086956523,0.8695652173913043,-0.6086956521739131,0,5.41,Important player
2025-26,Trentyn Flowers,1610612741,CHI,2,2.775,2.0,0.5,0.5,-1.0,1,4.88,Important player
2025-26,Mouhamadou Gueye,1610612741,CHI,2,22.720833333333335,8.0,3.0,3.0,-8.0,0,3.78,Rotation player
2025-26,Isaac Okoro,1610612741,CHI,63,26.903015873015875,9.26984126984127,2.746031746031746,1.5873015873015872,-5.317460317460317,0,2.84,Rotation player
2025-26,Nick Richards,1610612741,CHI,48,14.598125000000001,5.75,5.0625,0.3333333333333333,-2.8333333333333335,0,2.64,Rotation player
2025-26,Rob Dillingham,1610612741,CHI,65,14.922358974358975,6.292307692307692,2.0153846153846153,2.2,-2.246153846153846,0,2.34,Low rotation impact
2025-26,Guerschon Yabusele,1610612741,CHI,67,15.030696517412935,5.567164179104478,3.4925373134328357,0.9402985074626866,-2.4776119402985075,0,2.31,Low rotation impact
2025-26,Patrick Williams,1610612741,CHI,72,20.469166666666666,7.013888888888889,2.986111111111111,1.4583333333333333,-4.791666666666667,0,2.0,Low rotation impact
2025-26,Yuki Kawamura,1610612741,CHI,18,11.612222222222222,3.4444444444444446,1.8333333333333333,2.611111111111111,-0.16666666666666666,0,1.94,Low rotation impact
2025-26,Lachlan Olbrich,1610612741,CHI,37,9.30328828828829,2.4054054054054053,3.027027027027027,1.135135135135135,0.6756756756756757,0,1.91,Low rotation impact
2025-26,Mac McClung,1610612741,CHI,11,12.288636363636364,6.090909090909091,0.9090909090909091,0.9090909090909091,-2.3636363636363638,0,1.4,Low rotation impact
2025-26,Noa Essengue,1610612741,CHI,2,3.0166666666666666,0.0,0.0,0.0,-7.5,0,0.07,Low rotation impact
2025-26,Donovan Mitchell,1610612739,CLE,70,33.45804761904762,27.885714285714286,4.514285714285714,5.685714285714286,5.285714285714286,6,9.68,Superstar-level impact
2025-26,James Harden,1610612739,CLE,70,34.83564285714286,23.6,4.8,7.957142857142857,1.4142857142857144,4,9.08,Superstar-level impact
2025-26,Evan Mobley,1610612739,CLE,65,31.912128205128205,18.153846153846153,9.015384615384615,3.6,3.4461538461538463,1,8.53,Star-level impact
2025-26,Jarrett Allen,1610612739,CLE,56,27.127142857142854,15.357142857142858,8.5,1.7857142857142858,3.8035714285714284,0,8.17,Star-level impact
2025-26,Jaylon Tyson,1610612739,CLE,66,26.931565656565656,13.212121212121213,5.121212121212121,2.227272727272727,1.6666666666666667,0,6.97,Star-level impact
2025-26,Sam Merrill,1610612739,CLE,52,26.482179487179486,12.75,2.5576923076923075,2.4038461538461537,4.653846153846154,0,6.63,Important player
2025-26,Max Strus,1610612739,CLE,12,24.024583333333336,11.166666666666666,5.416666666666667,2.0,-0.25,0,5.85,Important player
2025-26,Thomas Bryant,1610612739,CLE,60,12.196944444444446,6.166666666666667,3.4166666666666665,0.55,0.65,0,5.78,Important player
2025-26,Riley Minix,1610612739,CLE,9,6.453703703703704,3.888888888888889,0.6666666666666666,0.5555555555555556,3.5555555555555554,0,5.27,Important player
2025-26,Olivier Sarr,1610612739,CLE,4,9.8375,3.5,2.75,1.25,6.5,0,5.19,Important player
2025-26,Dennis Schröder,1610612739,CLE,70,24.232833333333335,10.8,2.7142857142857144,4.871428571428571,-3.357142857142857,0,4.93,Important player
2025-26,Tristan Enaruna,1610612739,CLE,9,9.45925925925926,4.111111111111111,1.5555555555555556,0.7777777777777778,4.777777777777778,0,4.7,Rotation player
2025-26,Chris Livingston,1610612739,CLE,3,5.808888888888888,3.0,1.0,0.3333333333333333,2.6666666666666665,0,4.64,Rotation player
2025-26,Dean Wade,1610612739,CLE,59,22.33361581920904,5.796610169491525,4.186440677966102,1.4915254237288136,2.559322033898305,0,4.51,Rotation player
2025-26,Craig Porter Jr.,1610612739,CLE,64,17.932213541666666,4.515625,3.4375,3.203125,1.609375,0,3.97,Rotation player
2025-26,Tyrese Proctor,1610612739,CLE,50,10.901733333333334,5.44,1.28,1.48,-0.14,0,3.44,Rotation player
2025-26,Lonzo Ball,1610612739,CLE,35,20.792666666666666,4.571428571428571,4.0,3.8857142857142857,0.9142857142857143,0,3.38,Rotation player
2025-26,Nae'Qwan Tomlin,1610612739,CLE,64,15.681848958333333,5.84375,2.90625,0.828125,0.9375,0,3.32,Rotation player
2025-26,Keon Ellis,1610612739,CLE,72,20.536643518518517,6.666666666666667,1.875,1.0,-2.0,0,2.57,Rotation player
2025-26,Larry Nance Jr.,1610612739,CLE,35,12.822,3.742857142857143,2.657142857142857,0.9714285714285714,-0.4857142857142857,0,1.63,Low rotation impact
2025-26,Luke Travers,1610612739,CLE,12,8.590972222222222,2.3333333333333335,2.0,0.75,-2.6666666666666665,0,0.98,Low rotation impact
2025-26,Darius Brown,1610612739,CLE,1,2.6666666666666665,0.0,1.0,0.0,-4.0,0,0.01,Low rotation impact
2025-26,Cooper Flagg,1610612742,DAL,70,33.483690476190475,21.042857142857144,6.6571428571428575,4.514285714285714,-3.8,3,8.29,Star-level impact
2025-26,Naji Marshall,1610612742,DAL,74,29.509999999999998,15.243243243243244,4.702702702702703,3.2567567567567566,-2.945945945945946,0,6.76,Important player
2025-26,Brandon Williams,1610612742,DAL,66,22.161287878787878,13.015151515151516,2.893939393939394,3.878787878787879,-2.1666666666666665,1,6.71,Important player
2025-26,Daniel Gafford,1610612742,DAL,55,21.717060606060606,9.527272727272727,6.872727272727273,1.0545454545454545,-3.418181818181818,0,6.35,Important player
2025-26,Marvin Bagley III,1610612742,DAL,60,20.015055555555556,10.45,6.1,1.4166666666666667,-3.6666666666666665,0,6.33,Important player
2025-26,P.J. Washington,1610612742,DAL,56,30.993214285714284,14.160714285714286,7.035714285714286,1.75,-4.946428571428571,1,6.29,Important player
2025-26,Dereck Lively II,1610612742,DAL,7,16.467619047619046,4.285714285714286,5.285714285714286,1.8571428571428572,2.0,0,5.98,Important player
2025-26,Max Christie,1610612742,DAL,77,29.14909090909091,12.272727272727273,3.2337662337662336,1.9610389610389611,-4.402597402597403,0,5.15,Important player
2025-26,Klay Thompson,1610612742,DAL,69,21.693188405797102,11.73913043478261,2.072463768115942,1.391304347826087,-1.9275362318840579,0,4.41,Rotation player
2025-26,John Poulakidas,1610612742,DAL,13,19.495,8.846153846153847,2.3076923076923075,0.8461538461538461,-1.1538461538461537,0,4.13,Rotation player
2025-26,Ryan Nembhard,1610612742,DAL,60,19.514666666666667,6.616666666666666,2.216666666666667,5.266666666666667,-0.4,1,4.12,Rotation player
2025-26,Dwight Powell,1610612742,DAL,63,14.35574074074074,3.3333333333333335,4.079365079365079,1.0793650793650793,-0.14285714285714285,0,3.75,Rotation player
2025-26,Khris Middleton,1610612742,DAL,63,22.842645502645503,10.158730158730158,3.6666666666666665,2.7936507936507935,-5.349206349206349,0,3.56,Rotation player
2025-26,Moussa Cisse,1610612742,DAL,38,13.936315789473685,4.473684210526316,5.684210526315789,0.23684210526315788,-0.07894736842105263,0,3.53,Rotation player
2025-26,Caleb Martin,1610612742,DAL,58,14.76227011494253,3.913793103448276,2.4655172413793105,1.396551724137931,-3.3793103448275863,0,1.53,Low rotation impact
2025-26,Tyler Smith,1610612742,DAL,12,13.798611111111112,4.666666666666667,2.75,0.4166666666666667,-1.8333333333333333,0,1.38,Low rotation impact
2025-26,Miles Kelly,1610612742,DAL,14,9.551666666666666,3.0714285714285716,1.7142857142857142,0.8571428571428571,-0.8571428571428571,0,1.31,Low rotation impact
2025-26,Jeremiah Robinson-Earl,1610612742,DAL,22,16.391590909090908,4.590909090909091,4.681818181818182,0.6818181818181818,-3.909090909090909,0,1.11,Low rotation impact
2025-26,AJ Johnson,1610612742,DAL,48,9.446527777777778,3.3333333333333335,1.1458333333333333,0.9791666666666666,-1.1041666666666667,0,1.05,Low rotation impact
2025-26,Nikola Jokić,1610612743,DEN,65,34.843923076923076,27.676923076923078,12.861538461538462,10.723076923076922,8.538461538461538,6,9.83,Superstar-level impact
2025-26,Jamal Murray,1610612743,DEN,75,35.35855555555556,25.4,4.4,7.133333333333334,5.773333333333333,5,9.35,Superstar-level impact
2025-26,Aaron Gordon,1610612743,DEN,36,27.91550925925926,16.166666666666668,5.805555555555555,2.6666666666666665,7.555555555555555,0,8.03,Star-level impact
2025-26,Jonas Valančiūnas,1610612743,DEN,65,13.401000000000002,8.723076923076922,5.061538461538461,1.2,-0.676923076923077,1,7.03,Star-level impact
2025-26,Peyton Watson,1610612743,DEN,54,29.58811728395062,14.61111111111111,4.888888888888889,2.0555555555555554,3.6296296296296298,0,7.0,Star-level impact
2025-26,Cameron Johnson,1610612743,DEN,54,30.500586419753088,12.222222222222221,3.814814814814815,2.4444444444444446,6.351851851851852,1,6.94,Star-level impact
2025-26,Christian Braun,1610612743,DEN,44,31.798598484848483,11.954545454545455,4.795454545454546,2.727272727272727,6.613636363636363,1,6.83,Star-level impact
2025-26,David Roddy,1610612743,DEN,5,14.603333333333333,8.0,4.0,0.8,1.0,0,6.34,Important player
2025-26,Tim Hardaway Jr.,1610612743,DEN,80,26.591250000000002,13.4875,2.575,1.35,2.5,0,6.23,Important player
2025-26,Julian Strawther,1610612743,DEN,57,15.099532163742689,7.245614035087719,2.0,1.0701754385964912,0.3508771929824561,0,4.3,Rotation player
2025-26,DaRon Holmes II,1610612743,DEN,25,8.3804,3.72,1.4,0.64,-0.64,0,3.93,Rotation player
2025-26,Bruce Brown,1610612743,DEN,82,24.363272357723577,7.914634146341464,3.8780487804878048,2.1219512195121952,-0.926829268292683,0,3.89,Rotation player
2025-26,Spencer Jones,1610612743,DEN,64,22.13734375,5.5,3.265625,0.796875,0.015625,0,3.21,Rotation player
2025-26,Jalen Pickett,1610612743,DEN,50,16.1296,5.2,2.28,2.3,0.06,0,3.04,Rotation player
2025-26,KJ Simpson,1610612743,DEN,20,12.880500000000001,4.55,1.85,2.15,-0.1,0,2.59,Rotation player
2025-26,Curtis Jones,1610612743,DEN,10,8.771666666666667,2.9,1.1,1.0,2.6,0,2.29,Low rotation impact
2025-26,Zeke Nnaji,1610612743,DEN,52,12.03823717948718,3.6538461538461537,2.6153846153846154,0.5576923076923077,-2.0961538461538463,0,1.67,Low rotation impact
2025-26,Hunter Tyson,1610612743,DEN,21,7.70952380952381,2.1904761904761907,1.7142857142857142,0.8095238095238095,-1.1428571428571428,0,1.01,Low rotation impact
2025-26,Tyus Jones,1610612743,DEN,67,14.605646766169155,2.970149253731343,1.1343283582089552,2.373134328358209,-1.6119402985074627,0,0.95,Low rotation impact
2025-26,Cade Cunningham,1610612765,DET,64,33.932369791666666,23.921875,5.546875,9.90625,8.09375,5,9.45,Superstar-level impact
2025-26,Jalen Duren,1610612765,DET,70,28.226476190476188,19.5,10.528571428571428,1.9714285714285715,6.857142857142857,0,8.69,Star-level impact
2025-26,Paul Reed,1610612765,DET,65,13.855820512820513,7.753846153846154,4.523076923076923,1.2307692307692308,2.123076923076923,0,7.52,Star-level impact
2025-26,Tobias Harris,1610612765,DET,63,27.705555555555556,13.26984126984127,5.126984126984127,2.492063492063492,5.841269841269841,0,7.49,Star-level impact
2025-26,Ausar Thompson,1610612765,DET,73,25.967260273972602,9.876712328767123,5.726027397260274,3.1232876712328768,5.438356164383562,0,6.8,Important player
2025-26,Duncan Robinson,1610612765,DET,77,27.443614718614718,12.194805194805195,2.6623376623376624,2.064935064935065,6.961038961038961,0,6.58,Important player
2025-26,Isaiah Stewart,1610612765,DET,58,22.709224137931034,10.017241379310345,5.0,1.1379310344827587,0.6724137931034483,0,6.56,Important player
2025-26,Daniss Jenkins,1610612765,DET,72,20.2125,9.319444444444445,2.3055555555555554,3.861111111111111,2.9027777777777777,0,6.03,Important player
2025-26,Kevin Huerter,1610612765,DET,69,22.45038647342995,10.043478260869565,3.4782608695652173,2.579710144927536,1.2463768115942029,0,5.93,Important player
2025-26,Javonte Green,1610612765,DET,82,17.633678861788617,6.939024390243903,2.8048780487804876,0.6829268292682927,2.6219512195121952,0,5.63,Important player
2025-26,Ronald Holland II,1610612765,DET,78,19.877542735042734,8.205128205128204,4.038461538461538,1.2179487179487178,1.705128205128205,0,5.3,Important player
2025-26,Tolu Smith,1610612765,DET,15,9.162777777777778,3.7333333333333334,3.2666666666666666,0.8666666666666667,0.0,0,4.59,Rotation player
2025-26,Colby Jones,1610612765,DET,1,6.816666666666666,2.0,4.0,2.0,12.0,0,4.35,Rotation player
2025-26,Caris LeVert,1610612765,DET,60,19.24025,7.383333333333334,1.95,2.65,-0.11666666666666667,0,4.26,Rotation player
2025-26,Marcus Sasser,1610612765,DET,38,12.013245614035087,5.184210526315789,1.0263157894736843,1.9736842105263157,3.0526315789473686,0,4.02,Rotation player
2025-26,Wendell Moore Jr.,1610612765,DET,6,9.925833333333333,1.6666666666666667,1.0,0.6666666666666666,7.0,0,2.99,Rotation player
2025-26,Bobi Klintman,1610612765,DET,12,5.948611111111112,1.8333333333333333,1.5833333333333333,0.5,-0.4166666666666667,0,0.9,Low rotation impact
2025-26,Chaz Lanier,1610612765,DET,34,7.706029411764706,2.3529411764705883,0.6764705882352942,0.5,0.17647058823529413,0,0.85,Low rotation impact
2025-26,Isaac Jones,1610612765,DET,7,5.097619047619047,1.2857142857142858,0.7142857142857143,0.14285714285714285,-3.7142857142857144,0,0.05,Low rotation impact
2025-26,Stephen Curry,1610612744,GSW,43,30.90065891472868,26.558139534883722,3.5813953488372094,4.72093023255814,2.0697674418604652,5,9.32,Superstar-level impact
2025-26,Jimmy Butler III,1610612744,GSW,38,31.096754385964914,20.0,5.552631578947368,4.868421052631579,4.868421052631579,2,9.02,Superstar-level impact
2025-26,Kristaps Porziņģis,1610612744,GSW,32,24.027864583333333,16.65625,5.21875,2.53125,1.40625,1,8.08,Star-level impact
2025-26,Brandin Podziemski,1610612744,GSW,82,28.447235772357722,13.817073170731707,5.109756097560975,3.707317073170732,0.18292682926829268,0,7.42,Star-level impact
2025-26,De'Anthony Melton,1610612744,GSW,49,22.96442176870748,12.285714285714286,3.2244897959183674,2.5510204081632653,1.9387755102040816,1,6.66,Important player
2025-26,Moses Moody,1610612744,GSW,60,25.66497222222222,12.133333333333333,3.3333333333333335,1.6333333333333333,1.3333333333333333,0,6.44,Important player
2025-26,Gui Santos,1610612744,GSW,68,20.520049019607843,9.191176470588236,3.911764705882353,2.338235294117647,0.5147058823529411,0,6.42,Important player
2025-26,Gary Payton II,1610612744,GSW,73,15.647671232876712,7.493150684931507,3.6301369863013697,1.6849315068493151,-1.4931506849315068,0,5.91,Important player
2025-26,Al Horford,1610612744,GSW,45,21.537444444444443,8.266666666666667,4.866666666666666,2.577777777777778,-0.2,0,5.57,Important player
2025-26,Draymond Green,1610612744,GSW,68,27.483651960784314,8.382352941176471,5.514705882352941,5.529411764705882,-1.9705882352941178,1,5.54,Important player
2025-26,Quinten Post,1610612744,GSW,67,17.301467661691543,7.656716417910448,4.014925373134329,1.4029850746268657,0.8955223880597015,0,5.16,Important player
2025-26,Charles Bassey,1610612744,GSW,13,11.746410256410257,5.846153846153846,4.384615384615385,0.5384615384615384,-3.3846153846153846,0,4.91,Important player
2025-26,LJ Cryer,1610612744,GSW,18,16.23037037037037,8.222222222222221,1.5555555555555556,1.0,0.8888888888888888,0,4.25,Rotation player
2025-26,Seth Curry,1610612744,GSW,10,13.3,7.1,1.2,1.0,0.1,0,4.19,Rotation player
2025-26,Pat Spencer,1610612744,GSW,66,18.62010101010101,7.212121212121212,2.393939393939394,3.515151515151515,-1.4393939393939394,0,3.49,Rotation player
2025-26,Will Richard,1610612744,GSW,69,19.953695652173913,6.391304347826087,2.4927536231884058,1.3478260869565217,-1.4057971014492754,0,3.25,Rotation player
2025-26,Nate Williams,1610612744,GSW,14,17.083571428571428,8.0,2.142857142857143,1.0,-5.642857142857143,0,2.43,Low rotation impact
2025-26,Omer Yurtseven,1610612744,GSW,9,11.550555555555555,3.7777777777777777,3.3333333333333335,0.8888888888888888,-1.5555555555555556,0,1.36,Low rotation impact
2025-26,Malevy Leons,1610612744,GSW,25,11.058866666666667,3.32,2.12,0.92,-3.0,0,0.73,Low rotation impact
2025-26,Kevin Durant,1610612745,HOU,78,36.40799145299145,25.974358974358974,5.461538461538462,4.769230769230769,4.358974358974359,4,9.37,Superstar-level impact
2025-26,Alperen Sengun,1610612745,HOU,72,33.301319444444445,20.36111111111111,8.88888888888889,6.180555555555555,2.8472222222222223,4,9.05,Superstar-level impact
2025-26,Amen Thompson,1610612745,HOU,79,37.381645569620254,18.265822784810126,7.772151898734177,5.3164556962025316,4.658227848101266,2,8.79,Star-level impact
2025-26,Jabari Smith Jr.,1610612745,HOU,77,35.13461038961039,15.779220779220779,6.87012987012987,1.8571428571428572,3.4415584415584415,1,7.56,Star-level impact
2025-26,Tristen Newton,1610612745,HOU,1,12.0,12.0,3.0,0.0,2.0,2,7.29,Star-level impact
2025-26,Reed Sheppard,1610612745,HOU,82,26.181991869918697,13.536585365853659,2.902439024390244,3.3780487804878048,3.4146341463414633,0,6.91,Star-level impact
2025-26,Tari Eason,1610612745,HOU,60,25.818416666666668,10.45,6.266666666666667,1.5,2.783333333333333,0,5.87,Important player
2025-26,Steven Adams,1610612745,HOU,32,22.82390625,5.84375,8.625,1.5,6.0625,0,5.37,Important player
2025-26,Clint Capela,1610612745,HOU,75,12.342155555555555,3.76,4.6,0.6666666666666666,2.16,0,4.29,Rotation player
2025-26,Aaron Holiday,1610612745,HOU,57,13.697046783625732,5.473684210526316,1.0175438596491229,1.0526315789473684,2.263157894736842,0,3.41,Rotation player
2025-26,Josh Okogie,1610612745,HOU,78,17.35655982905983,4.5256410256410255,2.5641025641025643,0.8846153846153846,0.8846153846153846,0,2.52,Rotation player
2025-26,JD Davison,1610612745,HOU,28,7.800595238095238,2.4642857142857144,1.2142857142857142,1.25,0.5714285714285714,0,2.24,Low rotation impact
2025-26,Isaiah Crawford,1610612745,HOU,14,6.578571428571428,2.0,1.1428571428571428,0.35714285714285715,-0.6428571428571429,0,1.54,Low rotation impact
2025-26,Jae'Sean Tate,1610612745,HOU,46,8.798333333333334,2.8043478260869565,1.5869565217391304,0.5434782608695652,-0.8043478260869565,0,1.5,Low rotation impact
2025-26,Dorian Finney-Smith,1610612745,HOU,37,16.765180180180177,3.324324324324324,2.5135135135135136,0.972972972972973,0.40540540540540543,0,1.41,Low rotation impact
2025-26,Jeff Green,1610612745,HOU,30,5.827222222222222,2.2333333333333334,0.8333333333333334,0.26666666666666666,-0.8666666666666667,0,0.65,Low rotation impact
2025-26,Pascal Siakam,1610612754,IND,62,33.17180107526882,23.951612903225808,6.629032258064516,3.806451612903226,-3.7096774193548385,4,8.56,Star-level impact
2025-26,Ivica Zubac,1610612754,IND,48,30.13954861111111,14.104166666666666,10.604166666666666,2.1875,-0.9583333333333334,1,7.72,Star-level impact
2025-26,Obi Toppin,1610612754,IND,24,17.655208333333334,11.625,4.416666666666667,2.2916666666666665,-1.375,1,7.33,Star-level impact
2025-26,Andrew Nembhard,1610612754,IND,57,31.326198830409353,16.94736842105263,2.807017543859649,7.666666666666667,-6.894736842105263,2,7.19,Star-level impact
2025-26,T.J. McConnell,1610612754,IND,56,17.187589285714285,9.375,2.2142857142857144,5.125,-2.392857142857143,1,6.28,Important player
2025-26,Micah Potter,1610612754,IND,47,19.325886524822696,9.74468085106383,4.957446808510638,1.4680851063829787,-2.5531914893617023,0,6.15,Important player
2025-26,Jay Huff,1610612754,IND,82,20.966382113821137,9.548780487804878,3.951219512195122,1.475609756097561,-3.073170731707317,0,5.61,Important player
2025-26,Quenton Jackson,1610612754,IND,49,18.314795918367345,9.142857142857142,2.326530612244898,2.857142857142857,-1.2857142857142858,0,5.43,Important player
2025-26,Jarace Walker,1610612754,IND,76,25.702412280701754,11.631578947368421,5.144736842105263,2.526315789473684,-6.0394736842105265,0,4.96,Important player
2025-26,Jalen Slawson,1610612754,IND,13,23.888461538461538,7.3076923076923075,4.384615384615385,2.769230769230769,-2.0,0,4.87,Important player
2025-26,Aaron Nesmith,1610612754,IND,45,29.665555555555557,13.8,4.155555555555556,1.9111111111111112,-4.466666666666667,0,4.66,Rotation player
2025-26,Garrison Mathews,1610612754,IND,15,13.073333333333332,5.2,1.1333333333333333,0.6666666666666666,-0.13333333333333333,0,3.29,Rotation player
2025-26,Ethan Thompson,1610612754,IND,32,20.413489583333334,6.96875,2.15625,1.78125,0.03125,0,2.78,Rotation player
2025-26,Kobe Brown,1610612754,IND,61,15.776666666666667,5.786885245901639,3.0327868852459017,1.3114754098360655,-3.5901639344262297,0,2.75,Rotation player
2025-26,Ben Sheppard,1610612754,IND,65,21.39194871794872,7.061538461538461,3.0,1.7538461538461538,-4.123076923076923,0,2.4,Low rotation impact
2025-26,Johnny Furphy,1610612754,IND,35,18.37295238095238,5.142857142857143,4.371428571428571,1.1714285714285715,-1.6571428571428573,0,2.19,Low rotation impact
2025-26,James Wiseman,1610612754,IND,4,14.615416666666667,3.25,2.0,0.75,-2.25,0,1.66,Low rotation impact
2025-26,Taelon Peter,1610612754,IND,38,12.95342105263158,4.5,1.5526315789473684,1.0526315789473684,-2.6315789473684212,0,1.47,Low rotation impact
2025-26,Kam Jones,1610612754,IND,37,16.657432432432433,4.378378378378378,1.6216216216216217,3.2162162162162162,-3.864864864864865,0,1.19,Low rotation impact
2025-26,Monte Morris,1610612754,IND,6,10.769444444444444,3.0,1.1666666666666667,1.5,-4.833333333333333,0,1.1,Low rotation impact
2025-26,Cody Martin,1610612754,IND,4,13.795,1.75,3.5,0.5,-7.0,0,0.68,Low rotation impact
2025-26,Kawhi Leonard,1610612746,LAC,65,32.072743589743595,27.892307692307693,6.3538461538461535,3.6,5.230769230769231,5,9.62,Superstar-level impact
2025-26,Darius Garland,1610612746,LAC,45,29.872814814814813,18.77777777777778,2.3777777777777778,6.688888888888889,1.8666666666666667,2,8.04,Star-level impact
2025-26,Bennedict Mathurin,1610612746,LAC,54,30.00027777777778,17.574074074074073,5.425925925925926,2.388888888888889,-2.7037037037037037,2,7.62,Star-level impact
2025-26,John Collins,1610612746,LAC,69,27.122874396135263,13.55072463768116,5.318840579710145,1.0144927536231885,-0.5507246376811594,0,6.77,Important player
2025-26,Jordan Miller,1610612746,LAC,60,22.079666666666665,9.966666666666667,3.033333333333333,2.2666666666666666,-0.21666666666666667,0,6.24,Important player
2025-26,Derrick Jones Jr.,1610612746,LAC,50,26.990166666666667,10.08,3.46,1.38,2.6,0,5.6,Important player
2025-26,Isaiah Jackson,1610612746,LAC,55,16.514757575757574,6.7272727272727275,5.2727272727272725,0.9454545454545454,-0.9090909090909091,0,5.44,Important player
2025-26,Yanic Konan Niederhäuser,1610612746,LAC,41,10.333617886178862,4.2926829268292686,2.8536585365853657,0.2926829268292683,0.926829268292683,0,4.99,Important player
2025-26,Brook Lopez,1610612746,LAC,75,21.803644444444444,8.453333333333333,3.64,1.2933333333333332,0.56,0,4.79,Rotation player
2025-26,Kris Dunn,1610612746,LAC,82,27.195121951219512,7.2682926829268295,3.3048780487804876,3.597560975609756,0.18292682926829268,0,4.72,Rotation player
2025-26,Kobe Sanders,1610612746,LAC,68,19.873774509803923,7.279411764705882,2.25,1.6029411764705883,0.47058823529411764,0,3.9,Rotation player
2025-26,Norchad Omier,1610612746,LAC,6,3.9444444444444446,2.8333333333333335,1.1666666666666667,0.3333333333333333,-3.8333333333333335,0,3.13,Rotation player
2025-26,Bogdan Bogdanović,1610612746,LAC,23,19.65478260869565,7.434782608695652,2.5652173913043477,2.217391304347826,-1.3043478260869565,0,3.12,Rotation player
2025-26,Nicolas Batum,1610612746,LAC,74,17.494527027027026,3.9594594594594597,2.4864864864864864,0.8648648648648649,-0.1891891891891892,0,2.39,Low rotation impact
2025-26,Bradley Beal,1610612746,LAC,6,20.15277777777778,8.166666666666666,0.8333333333333334,1.6666666666666667,-3.8333333333333335,0,1.69,Low rotation impact
2025-26,Cam Christie,1610612746,LAC,55,8.722727272727273,2.8363636363636364,1.4181818181818182,0.5636363636363636,-0.21818181818181817,0,1.61,Low rotation impact
2025-26,Chris Paul,1610612746,LAC,16,14.2209375,2.9375,1.75,3.3125,-5.25,0,0.75,Low rotation impact
2025-26,TyTy Washington Jr.,1610612746,LAC,16,5.508020833333333,1.3125,0.375,1.0625,-2.4375,0,0.62,Low rotation impact
2025-26,Sean Pedulla,1610612746,LAC,7,4.428571428571429,1.8571428571428572,0.42857142857142855,0.7142857142857143,-2.857142857142857,0,0.54,Low rotation impact
2025-26,Jahmyl Telfort,1610612746,LAC,8,4.004166666666666,0.125,0.375,0.125,-0.875,0,0.24,Low rotation impact
2025-26,Luka Dončić,1610612747,LAL,64,35.75940104166666,33.484375,7.734375,8.28125,2.921875,6,9.71,Superstar-level impact
2025-26,Austin Reaves,1610612747,LAL,51,34.5421568627451,23.274509803921568,4.705882352941177,5.490196078431373,3.5686274509803924,4,9.26,Superstar-level impact
2025-26,LeBron James,1610612747,LAL,60,33.15091666666667,20.933333333333334,6.066666666666666,7.2,1.9833333333333334,4,9.16,Superstar-level impact
2025-26,Deandre Ayton,1610612747,LAL,72,27.199791666666666,12.458333333333334,7.986111111111111,0.8194444444444444,-0.1111111111111111,0,7.09,Star-level impact
2025-26,Jaxson Hayes,1610612747,LAL,66,18.2814898989899,7.53030303030303,4.106060606060606,0.8939393939393939,1.0757575757575757,0,5.97,Important player
2025-26,Luke Kennard,1610612747,LAL,78,21.54457264957265,8.35897435897436,2.3333333333333335,2.230769230769231,0.5256410256410257,0,5.51,Important player
2025-26,Rui Hachimura,1610612747,LAL,68,28.331838235294118,11.470588235294118,3.323529411764706,0.8382352941176471,1.1911764705882353,0,5.34,Important player
2025-26,Marcus Smart,1610612747,LAL,62,28.531908602150537,9.338709677419354,2.774193548387097,2.9838709677419355,4.129032258064516,0,5.04,Important player
2025-26,Jake LaRavia,1610612747,LAL,82,25.139878048780485,8.21951219512195,3.975609756097561,1.7682926829268293,-0.06097560975609756,0,4.08,Rotation player
2025-26,Jarred Vanderbilt,1610612747,LAL,65,17.34987179487179,4.430769230769231,4.492307692307692,1.2923076923076924,0.09230769230769231,0,2.93,Rotation player
2025-26,Nick Smith Jr.,1610612747,LAL,30,12.495888888888889,6.166666666666667,0.7666666666666667,1.0333333333333334,-0.1,0,2.82,Rotation player
2025-26,Drew Timme,1610612747,LAL,27,8.70672839506173,3.4074074074074074,1.2222222222222223,0.8518518518518519,-0.8518518518518519,0,2.69,Rotation player
2025-26,Dalton Knecht,1610612747,LAL,54,10.239413580246913,4.222222222222222,1.3888888888888888,0.3888888888888889,-1.5185185185185186,0,1.75,Low rotation impact
2025-26,Maxi Kleber,1610612747,LAL,43,10.721162790697674,2.0,1.9534883720930232,0.627906976744186,1.2790697674418605,0,1.03,Low rotation impact
2025-26,Bronny James,1610612747,LAL,42,8.940277777777778,2.9047619047619047,0.5476190476190477,1.2142857142857142,-0.9523809523809523,0,0.94,Low rotation impact
2025-26,Chris Mañon,1610612747,LAL,9,5.120555555555556,0.7777777777777778,1.1111111111111112,0.3333333333333333,-0.1111111111111111,0,0.83,Low rotation impact
2025-26,Adou Thiero,1610612747,LAL,25,5.956133333333334,1.88,1.12,0.4,-1.32,0,0.6,Low rotation impact
2025-26,Kobe Bufkin,1610612747,LAL,16,7.467708333333333,2.875,0.8125,0.625,-4.25,0,0.42,Low rotation impact
2025-26,Zach Edey,1610612763,MEM,11,25.804696969696973,13.636363636363637,11.090909090909092,1.0909090909090908,10.272727272727273,0,8.37,Star-level impact
2025-26,Ty Jerome,1610612763,MEM,15,22.57922222222222,19.666666666666668,2.8,5.666666666666667,-3.0,3,8.3,Star-level impact
2025-26,Ja Morant,1610612763,MEM,20,28.425,19.45,3.25,8.05,-2.5,3,7.89,Star-level impact
2025-26,Cedric Coward,1610612763,MEM,62,25.773333333333333,13.596774193548388,5.870967741935484,2.7580645161290325,0.3709677419354839,0,7.16,Star-level impact
2025-26,Cam Spencer,1610612763,MEM,72,23.811828703703704,11.083333333333334,2.5416666666666665,5.555555555555555,-1.2361111111111112,1,6.93,Star-level impact
2025-26,Santi Aldama,1610612763,MEM,43,27.86228682170543,14.0,6.674418604651163,2.9302325581395348,-1.1162790697674418,0,6.79,Important player
2025-26,GG Jackson,1610612763,MEM,55,21.413909090909094,12.472727272727273,4.2727272727272725,1.4727272727272727,-1.5454545454545454,0,6.26,Important player
2025-26,Javon Small,1610612763,MEM,41,20.241666666666667,9.658536585365853,3.1219512195121952,3.682926829268293,-2.6341463414634148,0,5.89,Important player
2025-26,Olivier-Maxence Prosper,1610612763,MEM,53,18.558333333333334,10.0,3.5283018867924527,0.9622641509433962,-3.943396226415094,0,5.4,Important player
2025-26,Scotty Pippen Jr.,1610612763,MEM,10,21.186666666666667,11.4,2.2,4.7,-5.0,1,5.28,Important player
2025-26,Lawson Lovering,1610612763,MEM,2,24.6325,7.0,7.5,1.5,0.5,0,4.67,Rotation player
2025-26,Jaylen Wells,1610612763,MEM,69,26.38611111111111,12.53623188405797,3.1884057971014492,1.608695652173913,-2.5942028985507246,0,4.36,Rotation player
2025-26,Dariq Whitehead,1610612763,MEM,6,30.469444444444445,16.333333333333332,4.0,1.5,-16.5,1,4.24,Rotation player
2025-26,Kentavious Caldwell-Pope,1610612763,MEM,51,21.32467320261438,8.392156862745098,2.450980392156863,2.7254901960784315,-2.235294117647059,0,3.68,Rotation player
2025-26,Adama Bal,1610612763,MEM,8,30.164375,10.375,3.125,2.375,-20.75,1,3.61,Rotation player
2025-26,Lucas Williamson,1610612763,MEM,7,31.962857142857143,10.428571428571429,5.428571428571429,2.5714285714285716,-17.857142857142858,1,3.37,Rotation player
2025-26,DeJon Jarreau,1610612763,MEM,11,20.975757575757573,8.0,4.636363636363637,3.272727272727273,-10.181818181818182,0,3.14,Rotation player
2025-26,Taylor Hendricks,1610612763,MEM,59,18.957033898305085,7.423728813559322,3.7457627118644066,0.9322033898305084,-4.3559322033898304,0,2.86,Rotation player
2025-26,Tyler Burton,1610612763,MEM,12,25.561944444444446,10.75,4.166666666666667,1.0,-12.083333333333334,0,2.77,Rotation player
2025-26,Walter Clayton Jr.,1610612763,MEM,69,20.44253623188406,7.797101449275362,2.0144927536231885,4.043478260869565,-4.130434782608695,0,2.71,Rotation player
2025-26,Taj Gibson,1610612763,MEM,10,9.687333333333333,3.4,2.7,0.6,-0.7,0,2.37,Low rotation impact
2025-26,Toby Okani,1610612763,MEM,6,36.181666666666665,10.0,3.5,1.0,-22.833333333333332,1,2.32,Low rotation impact
2025-26,Jahmai Mashack,1610612763,MEM,31,21.71456989247312,6.193548387096774,2.6129032258064515,2.225806451612903,-6.774193548387097,0,1.56,Low rotation impact
2025-26,Brandon Clarke,1610612763,MEM,2,10.219166666666666,4.0,3.0,0.5,-6.0,0,1.22,Low rotation impact
2025-26,Rayan Rupert,1610612763,MEM,64,16.758515625,5.1875,2.9375,1.0625,-4.984375,0,1.2,Low rotation impact
2025-26,Bam Adebayo,1610612748,MIA,73,32.39294520547945,20.10958904109589,10.027397260273972,3.1780821917808217,4.534246575342466,3,8.82,Superstar-level impact
2025-26,Tyler Herro,1610612748,MIA,33,31.292525252525255,20.515151515151516,4.787878787878788,4.121212121212121,-1.1515151515151516,3,8.47,Star-level impact
2025-26,Norman Powell,1610612748,MIA,58,29.602356321839082,21.74137931034483,3.4827586206896552,2.4655172413793105,0.6551724137931034,2,8.24,Star-level impact
2025-26,Jaime Jaquez Jr.,1610612748,MIA,75,28.2828,15.36,5.0,4.693333333333333,1.92,0,7.45,Star-level impact
2025-26,Andrew Wiggins,1610612748,MIA,68,30.33232843137255,15.367647058823529,4.838235294117647,2.676470588235294,0.1323529411764706,1,7.43,Star-level impact
2025-26,Kel'el Ware,1610612748,MIA,77,22.12755411255411,11.051948051948052,9.012987012987013,0.7272727272727273,-0.8571428571428571,0,6.75,Important player
2025-26,Pelle Larsson,1610612748,MIA,70,26.416333333333334,11.428571428571429,3.4857142857142858,3.3714285714285714,1.1428571428571428,0,6.21,Important player
2025-26,Davion Mitchell,1610612748,MIA,70,28.57507142857143,9.342857142857143,2.6714285714285713,6.4714285714285715,2.8857142857142857,1,6.18,Important player
2025-26,Simone Fontecchio,1610612748,MIA,70,16.74957142857143,8.528571428571428,3.0142857142857142,1.4428571428571428,1.3,0,5.47,Important player
2025-26,Kasparas Jakučionis,1610612748,MIA,53,17.82317610062893,6.188679245283019,2.6037735849056602,2.5849056603773586,1.3584905660377358,0,4.43,Rotation player
2025-26,Myron Gardner,1610612748,MIA,45,9.122333333333334,3.6222222222222222,2.7111111111111112,0.9777777777777777,1.7333333333333334,0,4.37,Rotation player
2025-26,Nikola Jović,1610612748,MIA,47,17.191879432624113,7.319148936170213,3.25531914893617,2.1702127659574466,-0.10638297872340426,0,3.83,Rotation player
2025-26,Keshad Johnson,1610612748,MIA,32,8.735052083333333,4.25,1.9375,0.25,2.84375,0,3.71,Rotation player
2025-26,Vladislav Goldin,1610612748,MIA,9,2.6624074074074073,0.7777777777777778,1.0,0.3333333333333333,0.5555555555555556,0,3.65,Rotation player
2025-26,Dru Smith,1610612748,MIA,70,16.304404761904763,5.642857142857143,2.4714285714285715,2.5714285714285716,-1.1857142857142857,0,3.63,Rotation player
2025-26,Trevor Keels,1610612748,MIA,8,1.8683333333333334,1.0,0.25,0.0,0.625,1,1.96,Low rotation impact
2025-26,Jahmir Young,1610612748,MIA,14,4.156785714285714,1.7857142857142858,0.2857142857142857,0.6428571428571429,0.07142857142857142,0,1.26,Low rotation impact
2025-26,Giannis Antetokounmpo,1610612749,MIL,36,28.8675,27.583333333333332,9.777777777777779,5.444444444444445,2.6666666666666665,5,9.57,Superstar-level impact
2025-26,Kevin Porter Jr.,1610612749,MIL,38,33.1846052631579,17.394736842105264,5.2105263157894735,7.368421052631579,-2.8157894736842106,2,8.01,Star-level impact
2025-26,Ryan Rollins,1610612749,MIL,74,32.101126126126125,17.31081081081081,4.5675675675675675,5.594594594594595,-2.364864864864865,2,7.94,Star-level impact
2025-26,Alex Antetokounmpo,1610612749,MIL,6,3.439722222222222,3.1666666666666665,1.0,0.16666666666666666,0.8333333333333334,2,6.73,Important player
2025-26,Cormac Ryan,1610612749,MIL,11,24.607121212121214,14.272727272727273,2.5454545454545454,1.7272727272727273,-1.6363636363636365,0,6.61,Important player
2025-26,Bobby Portis,1610612749,MIL,67,24.168855721393033,13.656716417910447,6.388059701492537,1.5671641791044777,-3.970149253731343,0,6.37,Important player
2025-26,Kyle Kuzma,1610612749,MIL,69,26.170169082125604,12.985507246376812,4.536231884057971,2.6666666666666665,-4.101449275362318,0,5.96,Important player
2025-26,Mark Sears,1610612749,MIL,7,3.725952380952381,3.142857142857143,0.2857142857142857,0.2857142857142857,1.7142857142857142,2,5.75,Important player
2025-26,Myles Turner,1610612749,MIL,71,26.92680751173709,11.915492957746478,5.323943661971831,1.4507042253521127,-3.1971830985915495,0,5.7,Important player
2025-26,Cam Thomas,1610612749,MIL,42,20.964920634920635,13.5,1.6904761904761905,2.5714285714285716,-5.071428571428571,2,5.21,Important player
2025-26,Taurean Prince,1610612749,MIL,26,23.511666666666663,9.192307692307692,3.1153846153846154,1.7692307692307692,-1.9615384615384615,0,4.54,Rotation player
2025-26,AJ Green,1610612749,MIL,78,29.101709401709403,10.371794871794872,2.730769230769231,1.9487179487179487,-1.8974358974358974,0,4.28,Rotation player
2025-26,Cole Anthony,1610612749,MIL,35,15.046714285714286,6.685714285714286,2.4857142857142858,3.4571428571428573,-3.1714285714285713,1,3.96,Rotation player
2025-26,Jericho Sims,1610612749,MIL,67,19.669179104477614,4.985074626865671,5.522388059701493,1.5522388059701493,-4.059701492537314,0,3.54,Rotation player
2025-26,Pete Nance,1610612749,MIL,47,15.682943262411348,5.404255319148936,2.6595744680851063,1.0212765957446808,-1.6595744680851063,0,3.17,Rotation player
2025-26,Ousmane Dieng,1610612749,MIL,57,19.288976608187134,7.56140350877193,3.1578947368421053,2.3859649122807016,-3.6842105263157894,0,2.9,Rotation player
2025-26,Thanasis Antetokounmpo,1610612749,MIL,34,4.35171568627451,1.3823529411764706,0.8823529411764706,0.4411764705882353,0.14705882352941177,0,2.09,Low rotation impact
2025-26,Gary Trent Jr.,1610612749,MIL,65,21.190487179487178,8.138461538461538,1.0307692307692307,1.2153846153846153,-5.3538461538461535,0,1.65,Low rotation impact
2025-26,Gary Harris,1610612749,MIL,48,13.766006944444444,2.6666666666666665,1.2708333333333333,1.0625,-2.75,0,1.17,Low rotation impact
2025-26,Andre Jackson Jr.,1610612749,MIL,48,8.502256944444445,2.3541666666666665,1.5,0.8958333333333334,-1.4791666666666667,0,0.78,Low rotation impact
2025-26,Anthony Edwards,1610612750,MIN,61,35.02612021857924,28.80327868852459,4.950819672131147,3.7049180327868854,2.6557377049180326,5,9.42,Superstar-level impact
2025-26,Julius Randle,1610612750,MIN,79,33.041729957805906,21.10126582278481,6.734177215189874,5.037974683544304,2.9367088607594938,4,9.03,Superstar-level impact
2025-26,Rudy Gobert,1610612750,MIN,76,31.31640350877193,10.907894736842104,11.473684210526315,1.6842105263157894,3.0657894736842106,1,7.96,Star-level impact
2025-26,Jaden McDaniels,1610612750,MIN,73,31.731689497716896,14.849315068493151,4.2465753424657535,2.7260273972602738,1.643835616438356,1,7.69,Star-level impact
2025-26,Ayo Dosunmu,1610612750,MIN,69,27.26149758454106,14.81159420289855,3.4347826086956523,3.608695652173913,-0.9710144927536232,0,7.39,Star-level impact
2025-26,Naz Reid,1610612750,MIN,77,26.069480519480518,13.584415584415584,6.194805194805195,2.207792207792208,2.1948051948051948,0,7.38,Star-level impact
2025-26,Donte DiVincenzo,1610612750,MIN,82,30.41508130081301,12.195121951219512,4.097560975609756,3.817073170731707,4.109756097560975,1,7.18,Star-level impact
2025-26,Bones Hyland,1610612750,MIN,71,16.57631455399061,8.507042253521126,1.7887323943661972,2.647887323943662,1.7464788732394365,0,6.27,Important player
2025-26,Enrique Freeman,1610612750,MIN,4,9.302083333333334,3.25,2.5,0.5,7.0,0,4.83,Important player
2025-26,Rocco Zikarsky,1610612750,MIN,5,7.296666666666667,2.8,2.8,0.4,1.4,0,4.77,Rotation player
2025-26,Zyon Pullin,1610612750,MIN,5,8.516666666666667,4.6,0.6,1.8,1.2,0,4.74,Rotation player
2025-26,Kyle Anderson,1610612750,MIN,43,19.842713178294574,6.186046511627907,3.488372093023256,2.9302325581395348,-1.8837209302325582,0,4.61,Rotation player
2025-26,Joan Beringer,1610612750,MIN,40,7.853291666666666,3.9,2.3,0.3,0.575,0,4.22,Rotation player
2025-26,Joe Ingles,1610612750,MIN,27,5.655123456790124,1.5185185185185186,0.7037037037037037,1.2592592592592593,-0.2962962962962963,0,2.51,Rotation player
2025-26,Terrence Shannon Jr.,1610612750,MIN,43,12.504069767441859,5.604651162790698,1.1395348837209303,0.8837209302325582,-1.9069767441860466,0,2.2,Low rotation impact
2025-26,Mike Conley,1610612750,MIN,54,18.357376543209877,4.537037037037037,1.7222222222222223,2.9074074074074074,0.2777777777777778,0,2.16,Low rotation impact
2025-26,Jaylen Clark,1610612750,MIN,68,13.054460784313726,4.044117647058823,1.7647058823529411,0.6323529411764706,1.0735294117647058,0,1.99,Low rotation impact
2025-26,Johnny Juzang,1610612750,MIN,21,4.176111111111111,2.0476190476190474,0.8095238095238095,0.2857142857142857,-0.23809523809523808,0,1.72,Low rotation impact
2025-26,Julian Phillips,1610612750,MIN,48,8.896180555555555,2.9166666666666665,1.0208333333333333,0.20833333333333334,-0.4583333333333333,0,0.93,Low rotation impact
2025-26,Zion Williamson,1610612740,NOP,62,29.69456989247312,21.0,5.693548387096774,3.2096774193548385,-1.3225806451612903,2,8.6,Star-level impact
2025-26,Dejounte Murray,1610612740,NOP,14,27.815476190476193,16.714285714285715,5.357142857142857,6.357142857142857,1.4285714285714286,2,8.4,Star-level impact
2025-26,Trey Murphy III,1610612740,NOP,66,35.46421717171717,21.515151515151516,5.712121212121212,3.787878787878788,-2.5606060606060606,2,8.33,Star-level impact
2025-26,Saddiq Bey,1610612740,NOP,72,31.188541666666666,17.65277777777778,5.555555555555555,2.5277777777777777,-2.5972222222222223,1,7.4,Star-level impact
2025-26,Jeremiah Fears,1610612740,NOP,82,25.75491869918699,14.25609756097561,3.658536585365854,3.402439024390244,-3.5,1,6.07,Important player
2025-26,Derik Queen,1610612740,NOP,81,24.98,11.703703703703704,7.061728395061729,3.6790123456790123,-3.753086419753086,0,6.0,Important player
2025-26,DeAndre Jordan,1610612740,NOP,12,16.566666666666666,4.416666666666667,6.333333333333333,0.9166666666666666,-0.08333333333333333,0,5.24,Important player
2025-26,Karlo Matković,1610612740,NOP,62,14.705752688172042,5.67741935483871,3.693548387096774,0.8064516129032258,-1.5,0,5.06,Important player
2025-26,Josh Oduro,1610612740,NOP,3,27.255555555555556,8.333333333333334,7.666666666666667,1.3333333333333333,0.3333333333333333,0,4.2,Rotation player
2025-26,Jordan Poole,1610612740,NOP,39,23.9291452991453,13.435897435897436,1.9743589743589745,3.051282051282051,-3.6923076923076925,0,4.18,Rotation player
2025-26,Yves Missi,1610612740,NOP,66,19.652070707070706,5.712121212121212,5.833333333333333,1.2727272727272727,-0.6212121212121212,0,3.82,Rotation player
2025-26,Herbert Jones,1610612740,NOP,56,28.363958333333333,8.857142857142858,3.392857142857143,2.767857142857143,-0.875,0,3.5,Rotation player
2025-26,Bryce McGowens,1610612740,NOP,42,20.95079365079365,8.095238095238095,2.0952380952380953,1.4761904761904763,-1.6666666666666667,0,3.4,Rotation player
2025-26,Trey Alexander,1610612740,NOP,9,12.293703703703704,5.222222222222222,1.2222222222222223,1.0,-2.0,0,2.49,Low rotation impact
2025-26,Kevon Looney,1610612740,NOP,21,14.642222222222223,2.8095238095238093,5.619047619047619,1.619047619047619,-3.0,0,1.83,Low rotation impact
2025-26,Jordan Hawkins,1610612740,NOP,51,13.568137254901961,5.0588235294117645,1.7254901960784315,0.8235294117647058,-2.607843137254902,0,1.07,Low rotation impact
2025-26,Micah Peavy,1610612740,NOP,61,14.966147540983606,4.295081967213115,1.9180327868852458,1.0,-1.7049180327868851,0,1.0,Low rotation impact
2025-26,Hunter Dickinson,1610612740,NOP,5,8.495666666666667,2.4,1.0,0.4,-7.4,0,0.21,Low rotation impact
2025-26,Jalen Brunson,1610612752,NYK,74,34.99738738738739,26.04054054054054,3.3378378378378377,6.797297297297297,4.77027027027027,6,9.3,Superstar-level impact
2025-26,Karl-Anthony Towns,1610612752,NYK,75,30.95708888888889,20.053333333333335,11.853333333333333,3.013333333333333,5.04,3,9.1,Superstar-level impact
2025-26,OG Anunoby,1610612752,NYK,67,33.192114427860695,16.686567164179106,5.2388059701492535,2.1641791044776117,6.074626865671642,1,8.21,Star-level impact
2025-26,Josh Hart,1610612752,NYK,66,30.20568181818182,12.0,7.363636363636363,4.803030303030303,3.1818181818181817,1,7.98,Star-level impact
2025-26,Mikal Bridges,1610612752,NYK,82,32.8284756097561,14.402439024390244,3.8048780487804876,3.707317073170732,3.6341463414634148,1,7.74,Star-level impact
2025-26,Mitchell Robinson,1610612752,NYK,60,19.57502777777778,5.666666666666667,8.75,0.8666666666666667,2.6166666666666667,0,6.49,Important player
2025-26,Miles McBride,1610612752,NYK,41,26.342317073170733,11.975609756097562,2.4390243902439024,2.5853658536585367,5.463414634146342,0,6.38,Important player
2025-26,Landry Shamet,1610612752,NYK,51,22.961862745098042,9.313725490196079,1.803921568627451,1.411764705882353,3.7450980392156863,0,5.31,Important player
2025-26,Jose Alvarado,1610612752,NYK,69,19.858502415458936,7.391304347826087,2.4782608695652173,3.391304347826087,0.34782608695652173,0,4.76,Rotation player
2025-26,Tyler Kolek,1610612752,NYK,62,11.728413978494624,4.419354838709677,1.5806451612903225,2.7419354838709675,1.7096774193548387,0,4.16,Rotation player
2025-26,Jordan Clarkson,1610612752,NYK,72,17.770300925925923,8.63888888888889,1.7638888888888888,1.3333333333333333,1.5277777777777777,0,4.06,Rotation player
2025-26,Ariel Hukporti,1610612752,NYK,54,9.221512345679011,2.1666666666666665,2.9444444444444446,0.5370370370370371,0.6481481481481481,0,3.3,Rotation player
2025-26,Mohamed Diawara,1610612752,NYK,69,9.1906038647343,3.5652173913043477,1.3623188405797102,0.7681159420289855,0.8405797101449275,0,2.67,Rotation player
2025-26,Jeremy Sochan,1610612752,NYK,44,10.648901515151515,3.590909090909091,2.4318181818181817,0.9090909090909091,-1.3181818181818181,0,2.26,Low rotation impact
2025-26,Pacôme Dadiet,1610612752,NYK,29,4.681379310344827,1.6551724137931034,0.9310344827586207,0.41379310344827586,-0.1724137931034483,0,1.51,Low rotation impact
2025-26,Kevin McCullar Jr.,1610612752,NYK,21,7.380634920634921,2.380952380952381,1.3333333333333333,0.9523809523809523,-2.2857142857142856,0,0.88,Low rotation impact
2025-26,Trey Jemison III,1610612752,NYK,13,6.276025641025641,1.0,1.3846153846153846,0.38461538461538464,-2.230769230769231,0,0.79,Low rotation impact
2025-26,Dillon Jones,1610612752,NYK,7,5.626904761904762,1.2857142857142858,1.0,0.5714285714285714,1.1428571428571428,0,0.69,Low rotation impact
2025-26,Shai Gilgeous-Alexander,1610612760,OKC,68,33.21980392156863,31.13235294117647,4.294117647058823,6.588235294117647,11.588235294117647,6,9.9,Superstar-level impact
2025-26,Chet Holmgren,1610612760,OKC,69,28.945917874396137,17.115942028985508,8.898550724637682,1.6666666666666667,9.826086956521738,0,8.62,Star-level impact
2025-26,Jalen Williams,1610612760,OKC,33,28.362525252525252,17.060606060606062,4.636363636363637,5.484848484848484,6.9393939393939394,2,8.58,Star-level impact
2025-26,Isaiah Hartenstein,1610612760,OKC,47,24.200531914893617,9.191489361702128,9.425531914893616,3.5319148936170213,7.76595744680851,0,7.88,Star-level impact
2025-26,Ajay Mitchell,1610612760,OKC,57,25.83856725146199,13.578947368421053,3.3333333333333335,3.6140350877192984,8.807017543859649,0,7.79,Star-level impact
2025-26,Isaiah Joe,1610612760,OKC,71,21.231619718309858,11.056338028169014,2.5492957746478875,1.323943661971831,5.014084507042254,0,7.13,Star-level impact
2025-26,Jaylin Williams,1610612760,OKC,65,19.651923076923076,7.2153846153846155,5.507692307692308,2.4307692307692306,4.676923076923077,0,6.72,Important player
2025-26,Aaron Wiggins,1610612760,OKC,65,21.75353846153846,9.4,3.0615384615384613,1.676923076923077,2.7384615384615385,0,5.67,Important player
2025-26,Cason Wallace,1610612760,OKC,77,26.572337662337663,8.571428571428571,3.090909090909091,2.5974025974025974,6.909090909090909,0,5.55,Important player
2025-26,Alex Caruso,1610612760,OKC,56,18.22047619047619,6.214285714285714,2.767857142857143,1.9642857142857142,6.821428571428571,0,5.25,Important player
2025-26,Kenrich Williams,1610612760,OKC,56,15.270773809523808,6.482142857142857,3.3392857142857144,1.4107142857142858,0.8035714285714286,0,5.08,Important player
2025-26,Branden Carlson,1610612760,OKC,42,11.623888888888889,5.761904761904762,2.9523809523809526,0.6904761904761905,-0.5714285714285714,0,4.94,Important player
2025-26,Jared McCain,1610612760,OKC,67,17.308457711442788,8.328358208955224,2.044776119402985,1.3432835820895523,1.8805970149253732,0,4.81,Important player
2025-26,Luguentz Dort,1610612760,OKC,69,26.793357487922705,8.347826086956522,3.550724637681159,1.2318840579710144,4.260869565217392,0,4.09,Rotation player
2025-26,Payton Sandfort,1610612760,OKC,4,15.833333333333334,8.75,2.5,0.0,-4.75,0,3.0,Rotation player
2025-26,Nikola Topić,1610612760,OKC,10,16.008333333333333,5.2,1.9,4.4,-4.2,0,1.78,Low rotation impact
2025-26,Buddy Boeheim,1610612760,OKC,4,3.7508333333333335,1.5,0.0,0.0,1.5,0,1.12,Low rotation impact
2025-26,Brooks Barnhizer,1610612760,OKC,40,8.697041666666667,1.7,1.95,0.55,-2.575,0,0.37,Low rotation impact
2025-26,Paolo Banchero,1610612753,ORL,72,34.745625,22.208333333333332,8.38888888888889,5.180555555555555,-0.041666666666666664,4,8.89,Superstar-level impact
2025-26,Franz Wagner,1610612753,ORL,34,29.970686274509802,20.558823529411764,5.205882352941177,3.323529411764706,2.3529411764705883,2,8.65,Star-level impact
2025-26,Desmond Bane,1610612753,ORL,82,33.61030487804878,20.085365853658537,4.121951219512195,4.121951219512195,1.646341463414634,2,8.49,Star-level impact
2025-26,Jalen Suggs,1610612753,ORL,57,27.606491228070173,13.789473684210526,3.8596491228070176,5.473684210526316,3.175438596491228,1,7.84,Star-level impact
2025-26,Wendell Carter Jr.,1610612753,ORL,78,29.337841880341877,11.820512820512821,7.397435897435898,1.9743589743589745,1.1538461538461537,0,6.98,Star-level impact
2025-26,Anthony Black,1610612753,ORL,64,29.84453125,14.984375,3.8125,3.6875,-0.21875,0,6.55,Important player
2025-26,Goga Bitadze,1610612753,ORL,64,15.187604166666667,5.859375,5.0,1.3125,0.265625,0,6.14,Important player
2025-26,Tristan da Silva,1610612753,ORL,77,24.6682683982684,9.896103896103897,3.688311688311688,1.6103896103896105,1.3376623376623376,0,5.58,Important player
2025-26,Jamal Cain,1610612753,ORL,40,12.149208333333332,5.375,1.95,0.725,1.1,0,3.91,Rotation player
2025-26,Moritz Wagner,1610612753,ORL,36,11.849861111111112,6.861111111111111,3.1944444444444446,0.75,-2.4444444444444446,0,3.47,Rotation player
2025-26,Jase Richardson,1610612753,ORL,54,10.86570987654321,4.425925925925926,1.1666666666666667,1.0740740740740742,-0.3148148148148148,0,2.56,Rotation player
2025-26,Jevon Carter,1610612753,ORL,53,16.36682389937107,6.39622641509434,1.679245283018868,1.6415094339622642,-1.6415094339622642,0,2.53,Rotation player
2025-26,Colin Castleton,1610612753,ORL,4,5.345833333333333,1.25,2.0,0.25,1.5,0,2.06,Low rotation impact
2025-26,Jett Howard,1610612753,ORL,55,12.64218181818182,5.472727272727273,1.5818181818181818,0.8181818181818182,-1.2727272727272727,0,1.93,Low rotation impact
2025-26,Noah Penda,1610612753,ORL,59,12.835169491525424,3.847457627118644,3.169491525423729,1.1864406779661016,-0.9322033898305084,0,1.9,Low rotation impact
2025-26,Alex Morales,1610612753,ORL,4,5.895833333333333,2.0,0.75,1.0,2.0,0,1.81,Low rotation impact
2025-26,Jonathan Isaac,1610612753,ORL,52,10.017179487179487,2.576923076923077,2.5384615384615383,0.4230769230769231,-0.6730769230769231,0,1.7,Low rotation impact
2025-26,Orlando Robinson,1610612753,ORL,4,6.204166666666667,1.75,1.0,0.75,-2.75,0,1.25,Low rotation impact
2025-26,Joel Embiid,1610612755,PHI,38,31.59574561403509,26.86842105263158,7.7105263157894735,3.9473684210526314,4.078947368421052,5,9.5,Superstar-level impact
2025-26,Tyrese Maxey,1610612755,PHI,70,38.01597619047619,28.285714285714285,4.142857142857143,6.585714285714285,1.6142857142857143,6,9.48,Superstar-level impact
2025-26,Paul George,1610612755,PHI,37,30.676531531531534,17.324324324324323,5.297297297297297,3.5945945945945947,2.4054054054054053,1,8.12,Star-level impact
2025-26,VJ Edgecombe,1610612755,PHI,75,34.977399999999996,15.986666666666666,5.64,4.2,0.76,1,7.27,Star-level impact
2025-26,Quentin Grimes,1610612755,PHI,75,29.409622222222225,13.413333333333334,3.64,3.2533333333333334,0.10666666666666667,0,6.51,Important player
2025-26,Kelly Oubre Jr.,1610612755,PHI,50,31.486233333333335,14.1,5.04,1.6,-1.32,1,6.45,Important player
2025-26,Dominick Barlow,1610612755,PHI,71,23.78194835680751,7.676056338028169,4.788732394366197,1.2253521126760563,0.38028169014084506,0,5.03,Important player
2025-26,Andre Drummond,1610612755,PHI,63,19.535687830687827,6.396825396825397,8.444444444444445,1.2698412698412698,-1.3650793650793651,0,4.55,Rotation player
2025-26,MarJon Beauchamp,1610612755,PHI,14,14.00797619047619,6.785714285714286,2.2857142857142856,1.0714285714285714,-1.8571428571428572,0,3.87,Rotation player
2025-26,Trendon Watford,1610612755,PHI,53,16.296540880503144,6.528301886792453,3.2830188679245285,2.490566037735849,-2.943396226415094,0,3.81,Rotation player
2025-26,Adem Bona,1610612755,PHI,71,17.38255868544601,4.845070422535211,4.323943661971831,0.4507042253521127,-0.11267605633802817,0,3.79,Rotation player
2025-26,Cameron Payne,1610612755,PHI,22,17.01530303030303,7.409090909090909,2.0,2.6363636363636362,-2.909090909090909,0,3.76,Rotation player
2025-26,Justin Edwards,1610612755,PHI,64,15.265911458333333,6.03125,1.46875,1.25,-1.109375,0,2.6,Rotation player
2025-26,Jabari Walker,1610612755,PHI,64,11.901067708333333,4.3125,3.0,0.53125,0.0625,0,2.48,Low rotation impact
2025-26,Eric Gordon,1610612755,PHI,6,12.291666666666666,5.5,0.3333333333333333,0.5,-5.166666666666667,0,2.47,Low rotation impact
2025-26,Tyrese Martin,1610612755,PHI,46,16.882826086956523,6.304347826086956,2.5217391304347827,1.6956521739130435,-3.9347826086956523,0,2.21,Low rotation impact
2025-26,Dalen Terry,1610612755,PHI,48,11.479722222222222,3.6666666666666665,1.7916666666666667,1.375,-0.9375,0,2.07,Low rotation impact
2025-26,Hunter Sallis,1610612755,PHI,7,3.6676190476190476,1.0,0.14285714285714285,0.5714285714285714,-1.8571428571428572,0,0.87,Low rotation impact
2025-26,Johni Broome,1610612755,PHI,11,4.978333333333333,0.9090909090909091,1.4545454545454546,0.36363636363636365,-1.6363636363636365,0,0.71,Low rotation impact
2025-26,Kyle Lowry,1610612755,PHI,14,8.431428571428572,1.2142857142857142,0.6428571428571429,0.7857142857142857,-2.7857142857142856,0,0.09,Low rotation impact
2025-26,Devin Booker,1610612756,PHX,64,33.53796875,26.0625,3.875,6.03125,3.140625,6,9.41,Superstar-level impact
2025-26,Dillon Brooks,1610612756,PHX,56,30.385416666666664,20.196428571428573,3.625,1.7678571428571428,-0.875,3,7.57,Star-level impact
2025-26,Jalen Green,1610612756,PHX,32,25.88515625,17.75,3.625,2.84375,1.03125,2,7.54,Star-level impact
2025-26,Collin Gillespie,1610612756,PHX,80,28.522520833333335,12.65,4.0875,4.6375,2.5,0,7.26,Star-level impact
2025-26,Mark Williams,1610612756,PHX,60,23.600833333333334,11.666666666666666,7.95,0.9666666666666667,-0.7,0,7.22,Star-level impact
2025-26,Grayson Allen,1610612756,PHX,51,28.770163398692812,16.49019607843137,3.0392156862745097,3.823529411764706,0.35294117647058826,0,6.99,Star-level impact
2025-26,Oso Ighodaro,1610612756,PHX,82,22.053292682926827,6.475609756097561,5.097560975609756,2.2560975609756095,1.9634146341463414,0,6.12,Important player
2025-26,Jordan Goodwin,1610612756,PHX,70,22.45395238095238,8.7,4.871428571428571,2.157142857142857,1.3285714285714285,0,5.73,Important player
2025-26,Royce O'Neale,1610612756,PHX,78,28.372478632478632,9.807692307692308,4.769230769230769,2.6666666666666665,-1.4487179487179487,0,5.36,Important player
2025-26,Haywood Highsmith,1610612756,PHX,7,12.97,5.428571428571429,1.8571428571428572,1.0,1.4285714285714286,0,4.63,Rotation player
2025-26,Jamaree Bouyea,1610612756,PHX,46,14.001268115942027,5.717391304347826,1.7826086956521738,1.7826086956521738,0.5434782608695652,0,4.39,Rotation player
2025-26,Koby Brea,1610612756,PHX,12,6.988888888888888,3.75,0.6666666666666666,0.8333333333333334,-0.4166666666666667,0,4.0,Rotation player
2025-26,Ryan Dunn,1610612756,PHX,70,19.360642857142857,5.814285714285714,4.242857142857143,1.457142857142857,0.05714285714285714,0,3.84,Rotation player
2025-26,Khaman Maluach,1610612756,PHX,46,8.935326086956522,3.0217391304347827,2.891304347826087,0.13043478260869565,1.0217391304347827,0,3.62,Rotation player
2025-26,Rasheer Fleming,1610612756,PHX,55,12.243666666666666,4.327272727272727,2.2545454545454544,0.2909090909090909,1.7636363636363637,0,2.23,Low rotation impact
2025-26,Amir Coffey,1610612756,PHX,46,10.663079710144928,3.239130434782609,1.2391304347826086,0.5869565217391305,-0.6956521739130435,0,2.03,Low rotation impact
2025-26,CJ Huntley,1610612756,PHX,4,10.1,3.0,1.25,0.5,3.75,0,1.95,Low rotation impact
2025-26,Isaiah Livers,1610612756,PHX,36,9.648888888888889,1.8055555555555556,1.6944444444444444,0.5833333333333334,0.3055555555555556,0,0.81,Low rotation impact
2025-26,Nigel Hayes-Davis,1610612756,PHX,27,7.230123456790124,1.2592592592592593,1.2222222222222223,0.25925925925925924,-2.6666666666666665,0,0.2,Low rotation impact
2025-26,Deni Avdija,1610612757,POR,66,33.324015151515155,24.21212121212121,6.878787878787879,6.696969696969697,0.24242424242424243,5,9.22,Superstar-level impact
2025-26,Jrue Holiday,1610612757,POR,53,29.441540880503144,16.32075471698113,4.622641509433962,6.0754716981132075,3.7169811320754715,1,8.16,Star-level impact
2025-26,Shaedon Sharpe,1610612757,POR,50,29.426033333333336,20.84,4.34,2.64,-1.0,3,8.06,Star-level impact
2025-26,Donovan Clingan,1610612757,POR,77,27.190086580086582,12.12987012987013,11.584415584415584,2.103896103896104,0.18181818181818182,0,7.3,Star-level impact
2025-26,Scoot Henderson,1610612757,POR,30,24.927666666666667,14.233333333333333,2.6666666666666665,3.7333333333333334,1.7666666666666666,1,7.1,Star-level impact
2025-26,Jerami Grant,1610612757,POR,57,29.73862573099415,18.596491228070175,3.473684210526316,2.1403508771929824,-0.10526315789473684,0,7.07,Star-level impact
2025-26,Robert Williams III,1610612757,POR,59,17.088361581920903,6.728813559322034,7.033898305084746,1.0169491525423728,1.2372881355932204,0,6.95,Star-level impact
2025-26,Toumani Camara,1610612757,POR,82,33.307764227642274,13.414634146341463,5.134146341463414,2.451219512195122,0.3902439024390244,1,6.48,Important player
2025-26,Matisse Thybulle,1610612757,POR,30,15.988333333333333,5.8,1.9666666666666666,0.9,2.933333333333333,0,5.32,Important player
2025-26,Vít Krejčí,1610612757,POR,65,21.416923076923077,8.461538461538462,2.276923076923077,1.5384615384615385,-0.5846153846153846,0,4.48,Rotation player
2025-26,Jayson Kent,1610612757,POR,5,4.493333333333333,2.0,1.0,0.0,-0.6,0,4.03,Rotation player
2025-26,Caleb Love,1610612757,POR,49,20.66547619047619,10.387755102040817,2.326530612244898,2.510204081632653,-2.5918367346938775,0,3.86,Rotation player
2025-26,Kris Murray,1610612757,POR,57,23.38964912280702,5.807017543859649,3.6140350877192984,1.4210526315789473,0.7894736842105263,0,3.35,Rotation player
2025-26,Blake Wesley,1610612757,POR,31,11.639301075268817,4.774193548387097,1.2580645161290323,2.0,-2.5161290322580645,0,2.12,Low rotation impact
2025-26,Duop Reath,1610612757,POR,32,8.0678125,2.9375,1.1875,0.3125,-1.21875,0,1.98,Low rotation impact
2025-26,Sidy Cissoko,1610612757,POR,75,19.13406666666667,5.1066666666666665,2.2133333333333334,1.4666666666666666,-0.8,0,1.84,Low rotation impact
2025-26,Chris Youngblood,1610612757,POR,34,5.443872549019608,2.088235294117647,0.8235294117647058,0.35294117647058826,0.2647058823529412,0,1.45,Low rotation impact
2025-26,Yang Hansen,1610612757,POR,43,6.974263565891473,2.2093023255813953,1.5348837209302326,0.5116279069767442,-2.3255813953488373,0,0.58,Low rotation impact
2025-26,Javonte Cooke,1610612757,POR,19,4.929736842105264,1.2105263157894737,1.0,0.3684210526315789,-3.1052631578947367,0,0.52,Low rotation impact
2025-26,DeMar DeRozan,1610612758,SAC,77,31.240454545454543,18.428571428571427,2.935064935064935,4.103896103896104,-7.636363636363637,1,7.06,Star-level impact
2025-26,Russell Westbrook,1610612758,SAC,64,28.94640625,15.171875,5.4375,6.65625,-7.125,2,6.88,Star-level impact
2025-26,Domantas Sabonis,1610612758,SAC,19,29.662543859649123,15.842105263157896,11.368421052631579,4.105263157894737,-9.31578947368421,0,6.84,Star-level impact
2025-26,Zach LaVine,1610612758,SAC,39,31.39136752136752,19.17948717948718,2.769230769230769,2.282051282051282,-7.948717948717949,1,6.65,Important player
2025-26,Maxime Raynaud,1610612758,SAC,74,26.53891891891892,12.45945945945946,7.513513513513513,1.3513513513513513,-6.22972972972973,0,6.05,Important player
2025-26,De'Andre Hunter,1610612758,SAC,45,26.121925925925925,13.666666666666666,4.111111111111111,2.0,-0.4666666666666667,0,5.38,Important player
2025-26,Keegan Murray,1610612758,SAC,23,34.48246376811594,13.956521739130435,5.739130434782608,1.6521739130434783,-7.130434782608695,1,5.23,Important player
2025-26,Malik Monk,1610612758,SAC,62,21.99424731182796,12.451612903225806,1.8870967741935485,2.9838709677419355,-4.112903225806452,0,5.12,Important player
2025-26,Precious Achiuwa,1610612758,SAC,73,23.90664383561644,10.082191780821917,6.739726027397261,1.3835616438356164,-3.712328767123288,0,5.1,Important player
2025-26,Dylan Cardwell,1610612758,SAC,44,20.603143939393938,5.409090909090909,7.545454545454546,1.4090909090909092,-1.5,0,4.73,Rotation player
2025-26,DaQuan Jeffries,1610612758,SAC,3,19.96777777777778,10.333333333333334,1.6666666666666667,0.3333333333333333,0.3333333333333333,0,4.46,Rotation player
2025-26,Devin Carter,1610612758,SAC,38,18.417587719298247,8.921052631578947,3.289473684210526,2.6578947368421053,-2.973684210526316,0,4.15,Rotation player
2025-26,Nique Clifford,1610612758,SAC,75,25.092333333333332,8.6,3.76,2.3866666666666667,-2.92,0,3.19,Rotation player
2025-26,Daeqwon Plowden,1610612758,SAC,32,26.386510416666667,10.75,3.03125,1.28125,-6.40625,0,3.03,Rotation player
2025-26,Killian Hayes,1610612758,SAC,23,17.63159420289855,5.521739130434782,2.347826086956522,3.5217391304347827,-0.782608695652174,0,2.95,Rotation player
2025-26,Drew Eubanks,1610612758,SAC,42,13.149285714285714,5.214285714285714,3.0238095238095237,0.4523809523809524,-3.738095238095238,0,2.7,Rotation player
2025-26,Isaiah Stevens,1610612758,SAC,3,14.261111111111111,3.3333333333333335,1.0,3.3333333333333335,-3.0,0,2.14,Low rotation impact
2025-26,Doug McDermott,1610612758,SAC,29,15.144770114942528,5.655172413793103,1.2758620689655173,0.7586206896551724,-3.5172413793103448,0,1.58,Low rotation impact
2025-26,Patrick Baldwin Jr.,1610612758,SAC,9,11.38574074074074,3.6666666666666665,2.5555555555555554,0.5555555555555556,-4.333333333333333,0,0.91,Low rotation impact
2025-26,Dario Saric,1610612758,SAC,5,8.249666666666666,1.0,1.2,0.4,0.0,0,0.46,Low rotation impact
2025-26,Victor Wembanyama,1610612759,SAS,64,29.150755208333333,25.0,11.5,3.109375,10.65625,4,9.59,Superstar-level impact
2025-26,De'Aaron Fox,1610612759,SAS,72,30.98701388888889,18.555555555555557,3.75,6.180555555555555,6.277777777777778,3,8.84,Superstar-level impact
2025-26,Stephon Castle,1610612759,SAS,68,29.966813725490198,16.66176470588235,5.323529411764706,7.382352941176471,6.0,2,8.64,Star-level impact
2025-26,Keldon Johnson,1610612759,SAS,82,23.31056910569106,13.182926829268293,5.365853658536586,1.353658536585366,3.8658536585365852,0,7.63,Star-level impact
2025-26,Devin Vassell,1610612759,SAS,67,30.510920398009947,13.91044776119403,4.014925373134329,2.4925373134328357,7.343283582089552,1,7.46,Star-level impact
2025-26,Dylan Harper,1610612759,SAS,69,22.579082125603865,11.782608695652174,3.391304347826087,3.8550724637681157,4.391304347826087,0,7.36,Star-level impact
2025-26,Julian Champagnie,1610612759,SAS,82,27.63369918699187,11.109756097560975,5.7682926829268295,1.548780487804878,7.219512195121951,0,7.02,Star-level impact
2025-26,Luke Kornet,1610612759,SAS,68,21.03058823529412,6.529411764705882,6.088235294117647,1.8529411764705883,1.7352941176470589,0,6.52,Important player
2025-26,Harrison Barnes,1610612759,SAS,77,25.798376623376623,9.935064935064934,2.7662337662337664,1.922077922077922,4.2727272727272725,0,5.81,Important player
2025-26,David Jones Garcia,1610612759,SAS,11,6.179545454545454,2.909090909090909,1.1818181818181819,1.6363636363636365,3.4545454545454546,0,5.17,Important player
2025-26,Kelly Olynyk,1610612759,SAS,42,8.576507936507936,3.1666666666666665,1.8095238095238095,1.1666666666666667,-0.9047619047619048,0,2.97,Rotation player
2025-26,Mason Plumlee,1610612759,SAS,20,8.574416666666668,1.55,2.65,1.0,-0.4,0,2.62,Rotation player
2025-26,Carter Bryant,1610612759,SAS,71,11.519225352112676,4.197183098591549,2.507042253521127,0.6619718309859155,-0.056338028169014086,0,2.27,Low rotation impact
2025-26,Harrison Ingram,1610612759,SAS,7,3.730952380952381,1.5714285714285714,0.42857142857142855,0.14285714285714285,-0.8571428571428571,0,1.6,Low rotation impact
2025-26,Jordan McLaughlin,1610612759,SAS,44,6.400378787878788,2.022727272727273,0.7272727272727273,0.8636363636363636,-1.3863636363636365,0,1.43,Low rotation impact
2025-26,Emanuel Miller,1610612759,SAS,5,6.609999999999999,3.0,0.6,0.8,-3.8,0,1.35,Low rotation impact
2025-26,Lindy Waters III,1610612759,SAS,40,7.116916666666667,2.375,0.725,0.475,-0.125,0,1.04,Low rotation impact
2025-26,Bismack Biyombo,1610612759,SAS,25,5.654133333333333,0.92,1.04,0.2,-4.0,0,0.49,Low rotation impact
2025-26,Stanley Umude,1610612759,SAS,2,3.283333333333333,1.0,0.0,0.5,-8.5,0,0.11,Low rotation impact
2025-26,Scottie Barnes,1610612761,TOR,80,33.509708333333336,18.1,7.5,5.925,3.325,2,8.76,Star-level impact
2025-26,Brandon Ingram,1610612761,TOR,77,33.81640692640693,21.493506493506494,5.584415584415584,3.688311688311688,0.5584415584415584,3,8.66,Star-level impact
2025-26,RJ Barrett,1610612761,TOR,57,30.276491228070174,19.263157894736842,5.2631578947368425,3.3157894736842106,2.9473684210526314,2,8.34,Star-level impact
2025-26,Immanuel Quickley,1610612761,TOR,70,31.875833333333333,16.428571428571427,4.0285714285714285,5.928571428571429,1.6714285714285715,2,8.22,Star-level impact
2025-26,Sandro Mamukelashvili,1610612761,TOR,80,21.883645833333333,11.1625,4.9375,1.8875,2.3,0,7.61,Star-level impact
2025-26,Jakob Poeltl,1610612761,TOR,46,24.979565217391304,10.717391304347826,7.021739130434782,2.0217391304347827,1.0434782608695652,0,7.35,Star-level impact
2025-26,Collin Murray-Boyles,1610612761,TOR,57,21.852631578947367,8.491228070175438,5.0,1.8596491228070176,0.8245614035087719,0,6.53,Important player
2025-26,Jamal Shead,1610612761,TOR,82,22.588272357723575,6.646341463414634,1.7439024390243902,5.414634146341464,2.817073170731707,1,4.86,Important player
2025-26,Ja'Kobe Walter,1610612761,TOR,72,20.466319444444444,7.513888888888889,2.5694444444444446,1.1944444444444444,0.013888888888888888,0,4.44,Rotation player
2025-26,Jamison Battle,1610612761,TOR,61,8.471775956284153,3.1475409836065573,1.459016393442623,0.39344262295081966,1.459016393442623,0,3.34,Rotation player
2025-26,Gradey Dick,1610612761,TOR,76,14.035372807017543,5.9868421052631575,1.9342105263157894,0.6710526315789473,1.618421052631579,0,3.27,Rotation player
2025-26,A.J. Lawson,1610612761,TOR,24,9.421458333333334,4.208333333333333,1.7916666666666667,0.2916666666666667,-0.375,0,3.24,Rotation player
2025-26,Trayce Jackson-Davis,1610612761,TOR,53,9.359182389937107,3.4150943396226414,2.7358490566037736,0.7358490566037735,-1.4339622641509433,0,2.89,Rotation player
2025-26,Jonathan Mogbo,1610612761,TOR,40,6.222416666666667,1.525,1.7,0.625,-1.325,0,2.35,Low rotation impact
2025-26,Alijah Martin,1610612761,TOR,23,6.331086956521739,2.217391304347826,0.9130434782608695,0.5217391304347826,-0.6086956521739131,0,1.15,Low rotation impact
2025-26,Garrett Temple,1610612761,TOR,22,3.3153030303030304,0.7727272727272727,0.4090909090909091,0.4090909090909091,-0.045454545454545456,0,0.63,Low rotation impact
2025-26,Chucky Hepburn,1610612761,TOR,2,6.616666666666666,0.0,0.5,1.0,-8.0,0,0.3,Low rotation impact
2025-26,Markelle Fultz,1610612761,TOR,5,7.153333333333333,0.8,0.2,1.6,-7.2,0,0.17,Low rotation impact
2025-26,Lauri Markkanen,1610612762,UTA,42,34.34753968253968,26.738095238095237,6.880952380952381,2.119047619047619,-1.3095238095238095,4,8.94,Superstar-level impact
2025-26,Keyonte George,1610612762,UTA,54,33.076080246913584,23.61111111111111,3.685185185185185,6.148148148148148,-6.203703703703703,4,8.57,Star-level impact
2025-26,Walker Kessler,1610612762,UTA,5,30.796,14.4,10.8,3.0,2.8,1,8.42,Star-level impact
2025-26,Jaren Jackson Jr.,1610612762,UTA,48,30.305173611111112,19.395833333333332,5.666666666666667,1.9583333333333333,-1.3125,2,8.09,Star-level impact
2025-26,Blake Hinson,1610612762,UTA,14,20.38809523809524,11.928571428571429,2.357142857142857,1.1428571428571428,3.2142857142857144,0,6.87,Star-level impact
2025-26,Kyle Filipowski,1610612762,UTA,77,23.388874458874458,11.415584415584416,7.1688311688311686,2.5714285714285716,-3.324675324675325,0,6.11,Important player
2025-26,Jusuf Nurkić,1610612762,UTA,41,26.41630081300813,10.902439024390244,10.365853658536585,4.780487804878049,-4.560975609756097,0,6.09,Important player
2025-26,Kennedy Chandler,1610612762,UTA,11,32.29333333333334,15.0,3.3636363636363638,6.7272727272727275,-6.2727272727272725,2,6.04,Important player
2025-26,Brice Sensabaugh,1610612762,UTA,75,23.491555555555554,14.88,3.08,1.9066666666666667,-5.053333333333334,1,6.02,Important player
2025-26,Isaiah Collier,1610612762,UTA,59,25.710508474576272,11.661016949152541,2.542372881355932,7.169491525423729,-7.508474576271187,1,5.8,Important player
2025-26,Oscar Tshiebwe,1610612762,UTA,27,16.60814814814815,7.814814814814815,6.62962962962963,1.1851851851851851,-2.925925925925926,0,5.48,Important player
2025-26,Vince Williams Jr.,1610612762,UTA,40,20.484875,7.5,3.875,4.15,0.15,0,4.97,Important player
2025-26,Svi Mykhailiuk,1610612762,UTA,50,23.112233333333332,9.38,2.48,1.86,-1.54,0,4.4,Rotation player
2025-26,Ace Bailey,1610612762,UTA,72,27.60615740740741,13.791666666666666,4.194444444444445,1.8194444444444444,-6.222222222222222,0,4.32,Rotation player
2025-26,Kevin Love,1610612762,UTA,37,16.56216216216216,6.702702702702703,5.8108108108108105,1.8108108108108107,-2.1621621621621623,0,4.05,Rotation player
2025-26,Bez Mbeng,1610612762,UTA,15,32.812333333333335,8.133333333333333,3.8,4.133333333333334,-9.933333333333334,1,3.59,Rotation player
2025-26,John Konchar,1610612762,UTA,56,19.90494047619048,4.428571428571429,4.285714285714286,2.107142857142857,-2.607142857142857,0,3.57,Rotation player
2025-26,Andersson Garcia,1610612762,UTA,5,33.75,5.2,8.4,2.8,-7.4,1,2.66,Rotation player
2025-26,Elijah Harkless,1610612762,UTA,26,20.954358974358975,6.846153846153846,2.0384615384615383,2.8846153846153846,-1.2692307692307692,0,2.44,Low rotation impact
2025-26,Cody Williams,1610612762,UTA,67,24.336442786069654,8.776119402985074,2.955223880597015,2.044776119402985,-5.865671641791045,0,2.42,Low rotation impact
2025-26,Hayden Gray,1610612762,UTA,1,24.75,6.0,0.0,1.0,-18.0,0,2.17,Low rotation impact
2025-26,Mo Bamba,1610612762,UTA,4,10.95,2.5,5.5,0.25,-3.25,0,1.28,Low rotation impact
2025-26,Anthony Davis,1610612764,WAS,20,31.2815,20.35,11.05,2.8,-2.5,3,8.43,Star-level impact
2025-26,Alondes Williams,1610612764,WAS,4,25.195833333333333,11.0,6.25,3.0,8.75,0,7.93,Star-level impact
2025-26,Trae Young,1610612764,WAS,15,25.583555555555556,17.933333333333334,2.0,8.0,-4.4,2,7.67,Star-level impact
2025-26,Kadary Richmond,1610612764,WAS,3,22.266666666666666,8.333333333333334,3.3333333333333335,2.6666666666666665,1.6666666666666667,0,7.24,Star-level impact
2025-26,Alex Sarr,1610612764,WAS,48,27.180451388888887,16.3125,7.395833333333333,2.7083333333333335,-7.3125,1,6.85,Star-level impact
2025-26,Kyshawn George,1610612764,WAS,48,28.978402777777777,14.791666666666666,5.104166666666667,4.458333333333333,-7.395833333333333,0,5.86,Important player
2025-26,Julian Reese,1610612764,WAS,13,30.884615384615383,11.846153846153847,10.538461538461538,1.8461538461538463,-8.615384615384615,1,5.69,Important player
2025-26,Tristan Vukcevic,1610612764,WAS,49,13.693469387755103,9.0,3.0,1.1224489795918366,-4.612244897959184,1,5.66,Important player
2025-26,D'Angelo Russell,1610612764,WAS,26,19.029807692307692,10.153846153846153,2.3461538461538463,4.0,-1.5769230769230769,1,5.64,Important player
2025-26,Skal Labissiere,1610612764,WAS,3,12.516666666666666,4.333333333333333,3.0,1.0,0.6666666666666666,0,5.5,Important player
2025-26,Justin Champagnie,1610612764,WAS,69,19.963091787439613,8.652173913043478,5.565217391304348,1.2173913043478262,-4.260869565217392,0,5.01,Important player
2025-26,Bilal Coulibaly,1610612764,WAS,56,26.207232142857144,11.732142857142858,4.339285714285714,2.5892857142857144,-7.392857142857143,0,4.52,Rotation player
2025-26,Sharife Cooper,1610612764,WAS,41,17.073130081300814,8.121951219512194,2.097560975609756,3.024390243902439,-4.487804878048781,0,4.47,Rotation player
2025-26,Bub Carrington,1610612764,WAS,82,27.690853658536586,10.707317073170731,3.3658536585365852,4.646341463414634,-9.097560975609756,0,3.74,Rotation player
2025-26,Tre Johnson,1610612764,WAS,60,24.046944444444442,12.216666666666667,2.8333333333333335,2.033333333333333,-5.633333333333334,0,3.6,Rotation player
2025-26,Will Riley,1610612764,WAS,74,22.060427927927925,10.324324324324325,2.864864864864865,1.972972972972973,-6.54054054054054,0,3.52,Rotation player
2025-26,Malaki Branham,1610612764,WAS,28,9.838511904761905,4.571428571428571,1.5714285714285714,0.8214285714285714,-1.5,0,3.46,Rotation player
2025-26,Jaden Hardy,1610612764,WAS,57,15.75608187134503,9.175438596491228,1.5087719298245614,1.0175438596491229,-1.4736842105263157,0,3.22,Rotation player
2025-26,Anthony Gill,1610612764,WAS,55,17.289939393939395,5.836363636363636,2.8727272727272726,1.2545454545454546,-5.327272727272727,0,3.1,Rotation player
2025-26,Jamir Watkins,1610612764,WAS,50,20.643533333333334,7.36,3.88,1.34,-3.28,0,3.06,Rotation player
2025-26,Cam Whitmore,1610612764,WAS,21,16.856349206349208,9.19047619047619,2.761904761904762,0.7142857142857143,-7.238095238095238,0,2.8,Rotation player
2025-26,Leaky Black,1610612764,WAS,15,28.871777777777776,7.066666666666666,5.0,1.4666666666666666,-6.8,0,2.04,Low rotation impact
